Dates,Tickers,Tenor,Data
20250401,IR.JPY-TONAR-ON.SWAP-1M.MID,1M,0.0048375
20250501,IR.JPY-TONAR-ON.SWAP-1M.MID,1M,0.004775
20250402,IR.JPY-TONAR-ON.SWAP-1M.MID,1M,0.0048375
20250602,IR.JPY-TONAR-ON.SWAP-1M.MID,1M,0.004775
20250502,IR.JPY-TONAR-ON.SWAP-1M.MID,1M,0.004775
20250403,IR.JPY-TONAR-ON.SWAP-1M.MID,1M,0.0047875
20250303,IR.JPY-TONAR-ON.SWAP-1M.MID,1M,0.004775
20250404,IR.JPY-TONAR-ON.SWAP-1M.MID,1M,0.0047875
20250304,IR.JPY-TONAR-ON.SWAP-1M.MID,1M,0.004775
20250305,IR.JPY-TONAR-ON.SWAP-1M.MID,1M,0.004775
20250505,IR.JPY-TONAR-ON.SWAP-1M.MID,1M,0.004775
20250306,IR.JPY-TONAR-ON.SWAP-1M.MID,1M,0.004775
20250506,IR.JPY-TONAR-ON.SWAP-1M.MID,1M,0.004775
20250407,IR.JPY-TONAR-ON.SWAP-1M.MID,1M,0.0047375
20250307,IR.JPY-TONAR-ON.SWAP-1M.MID,1M,0.0047875
20250507,IR.JPY-TONAR-ON.SWAP-1M.MID,1M,0.004775
20250408,IR.JPY-TONAR-ON.SWAP-1M.MID,1M,0.004775
20250508,IR.JPY-TONAR-ON.SWAP-1M.MID,1M,0.004775
20250409,IR.JPY-TONAR-ON.SWAP-1M.MID,1M,0.004775
20250509,IR.JPY-TONAR-ON.SWAP-1M.MID,1M,0.004775
20250410,IR.JPY-TONAR-ON.SWAP-1M.MID,1M,0.0047875
20250310,IR.JPY-TONAR-ON.SWAP-1M.MID,1M,0.0047875
20250411,IR.JPY-TONAR-ON.SWAP-1M.MID,1M,0.0047625
20250311,IR.JPY-TONAR-ON.SWAP-1M.MID,1M,0.0047875
20250312,IR.JPY-TONAR-ON.SWAP-1M.MID,1M,0.0047875
20250512,IR.JPY-TONAR-ON.SWAP-1M.MID,1M,0.004775
20250313,IR.JPY-TONAR-ON.SWAP-1M.MID,1M,0.0048
20250513,IR.JPY-TONAR-ON.SWAP-1M.MID,1M,0.004775
20250414,IR.JPY-TONAR-ON.SWAP-1M.MID,1M,0.0047625
20250314,IR.JPY-TONAR-ON.SWAP-1M.MID,1M,0.0048
20250514,IR.JPY-TONAR-ON.SWAP-1M.MID,1M,0.004775
20250415,IR.JPY-TONAR-ON.SWAP-1M.MID,1M,0.004775
20250515,IR.JPY-TONAR-ON.SWAP-1M.MID,1M,0.004775
20250416,IR.JPY-TONAR-ON.SWAP-1M.MID,1M,0.004775
20250516,IR.JPY-TONAR-ON.SWAP-1M.MID,1M,0.004775
20250417,IR.JPY-TONAR-ON.SWAP-1M.MID,1M,0.0047875
20250317,IR.JPY-TONAR-ON.SWAP-1M.MID,1M,0.0047875
20250418,IR.JPY-TONAR-ON.SWAP-1M.MID,1M,0.0047875
20250318,IR.JPY-TONAR-ON.SWAP-1M.MID,1M,0.0047875
20250319,IR.JPY-TONAR-ON.SWAP-1M.MID,1M,0.0047875
20250519,IR.JPY-TONAR-ON.SWAP-1M.MID,1M,0.004775
20250320,IR.JPY-TONAR-ON.SWAP-1M.MID,1M,0.0048
20250520,IR.JPY-TONAR-ON.SWAP-1M.MID,1M,0.004775
20250421,IR.JPY-TONAR-ON.SWAP-1M.MID,1M,0.0047875
20250321,IR.JPY-TONAR-ON.SWAP-1M.MID,1M,0.004775
20250521,IR.JPY-TONAR-ON.SWAP-1M.MID,1M,0.004775
20250422,IR.JPY-TONAR-ON.SWAP-1M.MID,1M,0.0047875
20250522,IR.JPY-TONAR-ON.SWAP-1M.MID,1M,0.004775
20250423,IR.JPY-TONAR-ON.SWAP-1M.MID,1M,0.0048
20250523,IR.JPY-TONAR-ON.SWAP-1M.MID,1M,0.004775
20250424,IR.JPY-TONAR-ON.SWAP-1M.MID,1M,0.0048125
20250224,IR.JPY-TONAR-ON.SWAP-1M.MID,1M,0.004775
20250324,IR.JPY-TONAR-ON.SWAP-1M.MID,1M,0.004775
20250425,IR.JPY-TONAR-ON.SWAP-1M.MID,1M,0.004825
20250225,IR.JPY-TONAR-ON.SWAP-1M.MID,1M,0.0047875
20250325,IR.JPY-TONAR-ON.SWAP-1M.MID,1M,0.004775
20250226,IR.JPY-TONAR-ON.SWAP-1M.MID,1M,0.004775
20250326,IR.JPY-TONAR-ON.SWAP-1M.MID,1M,0.004775
20250526,IR.JPY-TONAR-ON.SWAP-1M.MID,1M,0.004775
20250227,IR.JPY-TONAR-ON.SWAP-1M.MID,1M,0.004775
20250327,IR.JPY-TONAR-ON.SWAP-1M.MID,1M,0.004775
20250527,IR.JPY-TONAR-ON.SWAP-1M.MID,1M,0.004775
20250428,IR.JPY-TONAR-ON.SWAP-1M.MID,1M,0.004825
20250228,IR.JPY-TONAR-ON.SWAP-1M.MID,1M,0.004775
20250328,IR.JPY-TONAR-ON.SWAP-1M.MID,1M,0.004775
20250528,IR.JPY-TONAR-ON.SWAP-1M.MID,1M,0.004775
20250429,IR.JPY-TONAR-ON.SWAP-1M.MID,1M,0.004825
20250529,IR.JPY-TONAR-ON.SWAP-1M.MID,1M,0.0047875
20250430,IR.JPY-TONAR-ON.SWAP-1M.MID,1M,0.0047875
20250530,IR.JPY-TONAR-ON.SWAP-1M.MID,1M,0.004775
20250331,IR.JPY-TONAR-ON.SWAP-1M.MID,1M,0.004775
20250401,IR.JPY-TONAR-ON.SWAP-25Y.MID,25Y,0.01895
20250501,IR.JPY-TONAR-ON.SWAP-25Y.MID,25Y,0.017975
20250402,IR.JPY-TONAR-ON.SWAP-25Y.MID,25Y,0.0186
20250602,IR.JPY-TONAR-ON.SWAP-25Y.MID,25Y,0.0206
20250502,IR.JPY-TONAR-ON.SWAP-25Y.MID,25Y,0.01825
20250403,IR.JPY-TONAR-ON.SWAP-25Y.MID,25Y,0.0173
20250303,IR.JPY-TONAR-ON.SWAP-25Y.MID,25Y,0.018625
20250404,IR.JPY-TONAR-ON.SWAP-25Y.MID,25Y,0.0156375
20250304,IR.JPY-TONAR-ON.SWAP-25Y.MID,25Y,0.01835
20250305,IR.JPY-TONAR-ON.SWAP-25Y.MID,25Y,0.0190625
20250505,IR.JPY-TONAR-ON.SWAP-25Y.MID,25Y,0.01825
20250306,IR.JPY-TONAR-ON.SWAP-25Y.MID,25Y,0.019325
20250506,IR.JPY-TONAR-ON.SWAP-25Y.MID,25Y,0.01825
20250407,IR.JPY-TONAR-ON.SWAP-25Y.MID,25Y,0.015225
20250307,IR.JPY-TONAR-ON.SWAP-25Y.MID,25Y,0.0191125
20250507,IR.JPY-TONAR-ON.SWAP-25Y.MID,25Y,0.0188
20250408,IR.JPY-TONAR-ON.SWAP-25Y.MID,25Y,0.0167
20250508,IR.JPY-TONAR-ON.SWAP-25Y.MID,25Y,0.0191
20250409,IR.JPY-TONAR-ON.SWAP-25Y.MID,25Y,0.0174
20250509,IR.JPY-TONAR-ON.SWAP-25Y.MID,25Y,0.01955
20250410,IR.JPY-TONAR-ON.SWAP-25Y.MID,25Y,0.0180125
20250310,IR.JPY-TONAR-ON.SWAP-25Y.MID,25Y,0.019475
20250411,IR.JPY-TONAR-ON.SWAP-25Y.MID,25Y,0.0188375
20250311,IR.JPY-TONAR-ON.SWAP-25Y.MID,25Y,0.0194
20250312,IR.JPY-TONAR-ON.SWAP-25Y.MID,25Y,0.0192875
20250512,IR.JPY-TONAR-ON.SWAP-25Y.MID,25Y,0.02005
20250313,IR.JPY-TONAR-ON.SWAP-25Y.MID,25Y,0.0195
20250513,IR.JPY-TONAR-ON.SWAP-25Y.MID,25Y,0.0199875
20250414,IR.JPY-TONAR-ON.SWAP-25Y.MID,25Y,0.0196625
20250314,IR.JPY-TONAR-ON.SWAP-25Y.MID,25Y,0.0193
20250514,IR.JPY-TONAR-ON.SWAP-25Y.MID,25Y,0.0204875
20250415,IR.JPY-TONAR-ON.SWAP-25Y.MID,25Y,0.01895
20250515,IR.JPY-TONAR-ON.SWAP-25Y.MID,25Y,0.0204125
20250416,IR.JPY-TONAR-ON.SWAP-25Y.MID,25Y,0.0178625
20250516,IR.JPY-TONAR-ON.SWAP-25Y.MID,25Y,0.0200625
20250417,IR.JPY-TONAR-ON.SWAP-25Y.MID,25Y,0.0178
20250317,IR.JPY-TONAR-ON.SWAP-25Y.MID,25Y,0.0194
20250418,IR.JPY-TONAR-ON.SWAP-25Y.MID,25Y,0.0179
20250318,IR.JPY-TONAR-ON.SWAP-25Y.MID,25Y,0.019625
20250319,IR.JPY-TONAR-ON.SWAP-25Y.MID,25Y,0.0198
20250519,IR.JPY-TONAR-ON.SWAP-25Y.MID,25Y,0.020275
20250320,IR.JPY-TONAR-ON.SWAP-25Y.MID,25Y,0.0198375
20250520,IR.JPY-TONAR-ON.SWAP-25Y.MID,25Y,0.0210375
20250421,IR.JPY-TONAR-ON.SWAP-25Y.MID,25Y,0.0179
20250321,IR.JPY-TONAR-ON.SWAP-25Y.MID,25Y,0.01945
20250521,IR.JPY-TONAR-ON.SWAP-25Y.MID,25Y,0.0214375
20250422,IR.JPY-TONAR-ON.SWAP-25Y.MID,25Y,0.0181625
20250522,IR.JPY-TONAR-ON.SWAP-25Y.MID,25Y,0.02195
20250423,IR.JPY-TONAR-ON.SWAP-25Y.MID,25Y,0.018425
20250523,IR.JPY-TONAR-ON.SWAP-25Y.MID,25Y,0.0209875
20250424,IR.JPY-TONAR-ON.SWAP-25Y.MID,25Y,0.0183125
20250224,IR.JPY-TONAR-ON.SWAP-25Y.MID,25Y,0.018325
20250324,IR.JPY-TONAR-ON.SWAP-25Y.MID,25Y,0.01975
20250425,IR.JPY-TONAR-ON.SWAP-25Y.MID,25Y,0.01865
20250225,IR.JPY-TONAR-ON.SWAP-25Y.MID,25Y,0.0179625
20250325,IR.JPY-TONAR-ON.SWAP-25Y.MID,25Y,0.0199
20250226,IR.JPY-TONAR-ON.SWAP-25Y.MID,25Y,0.01815
20250326,IR.JPY-TONAR-ON.SWAP-25Y.MID,25Y,0.0199
20250526,IR.JPY-TONAR-ON.SWAP-25Y.MID,25Y,0.0209875
20250227,IR.JPY-TONAR-ON.SWAP-25Y.MID,25Y,0.0184625
20250327,IR.JPY-TONAR-ON.SWAP-25Y.MID,25Y,0.01955
20250527,IR.JPY-TONAR-ON.SWAP-25Y.MID,25Y,0.0199875
20250428,IR.JPY-TONAR-ON.SWAP-25Y.MID,25Y,0.018375
20250228,IR.JPY-TONAR-ON.SWAP-25Y.MID,25Y,0.0183375
20250328,IR.JPY-TONAR-ON.SWAP-25Y.MID,25Y,0.019275
20250528,IR.JPY-TONAR-ON.SWAP-25Y.MID,25Y,0.0203
20250429,IR.JPY-TONAR-ON.SWAP-25Y.MID,25Y,0.018375
20250529,IR.JPY-TONAR-ON.SWAP-25Y.MID,25Y,0.0204375
20250430,IR.JPY-TONAR-ON.SWAP-25Y.MID,25Y,0.018025
20250530,IR.JPY-TONAR-ON.SWAP-25Y.MID,25Y,0.020575
20250331,IR.JPY-TONAR-ON.SWAP-25Y.MID,25Y,0.018975
20250401,IR.JPY-TONAR-ON.SWAP-4M.MID,4M,0.0054875
20250501,IR.JPY-TONAR-ON.SWAP-4M.MID,4M,0.004925
20250402,IR.JPY-TONAR-ON.SWAP-4M.MID,4M,0.00545
20250602,IR.JPY-TONAR-ON.SWAP-4M.MID,4M,0.0050375
20250502,IR.JPY-TONAR-ON.SWAP-4M.MID,4M,0.004875
20250403,IR.JPY-TONAR-ON.SWAP-4M.MID,4M,0.0052125
20250303,IR.JPY-TONAR-ON.SWAP-4M.MID,4M,0.00515
20250404,IR.JPY-TONAR-ON.SWAP-4M.MID,4M,0.0050875
20250304,IR.JPY-TONAR-ON.SWAP-4M.MID,4M,0.00515
20250305,IR.JPY-TONAR-ON.SWAP-4M.MID,4M,0.0051125
20250505,IR.JPY-TONAR-ON.SWAP-4M.MID,4M,0.004875
20250306,IR.JPY-TONAR-ON.SWAP-4M.MID,4M,0.0052
20250506,IR.JPY-TONAR-ON.SWAP-4M.MID,4M,0.004875
20250407,IR.JPY-TONAR-ON.SWAP-4M.MID,4M,0.00485
20250307,IR.JPY-TONAR-ON.SWAP-4M.MID,4M,0.005325
20250507,IR.JPY-TONAR-ON.SWAP-4M.MID,4M,0.0049
20250408,IR.JPY-TONAR-ON.SWAP-4M.MID,4M,0.00495
20250508,IR.JPY-TONAR-ON.SWAP-4M.MID,4M,0.0049
20250409,IR.JPY-TONAR-ON.SWAP-4M.MID,4M,0.0048
20250509,IR.JPY-TONAR-ON.SWAP-4M.MID,4M,0.0048875
20250410,IR.JPY-TONAR-ON.SWAP-4M.MID,4M,0.0049875
20250310,IR.JPY-TONAR-ON.SWAP-4M.MID,4M,0.00535
20250411,IR.JPY-TONAR-ON.SWAP-4M.MID,4M,0.0048875
20250311,IR.JPY-TONAR-ON.SWAP-4M.MID,4M,0.005275
20250312,IR.JPY-TONAR-ON.SWAP-4M.MID,4M,0.0052625
20250512,IR.JPY-TONAR-ON.SWAP-4M.MID,4M,0.0049375
20250313,IR.JPY-TONAR-ON.SWAP-4M.MID,4M,0.00535
20250513,IR.JPY-TONAR-ON.SWAP-4M.MID,4M,0.004975
20250414,IR.JPY-TONAR-ON.SWAP-4M.MID,4M,0.004975
20250314,IR.JPY-TONAR-ON.SWAP-4M.MID,4M,0.00525
20250514,IR.JPY-TONAR-ON.SWAP-4M.MID,4M,0.004925
20250415,IR.JPY-TONAR-ON.SWAP-4M.MID,4M,0.0050625
20250515,IR.JPY-TONAR-ON.SWAP-4M.MID,4M,0.0049375
20250416,IR.JPY-TONAR-ON.SWAP-4M.MID,4M,0.0049875
20250516,IR.JPY-TONAR-ON.SWAP-4M.MID,4M,0.0049375
20250417,IR.JPY-TONAR-ON.SWAP-4M.MID,4M,0.00505
20250317,IR.JPY-TONAR-ON.SWAP-4M.MID,4M,0.005275
20250418,IR.JPY-TONAR-ON.SWAP-4M.MID,4M,0.00505
20250318,IR.JPY-TONAR-ON.SWAP-4M.MID,4M,0.0053
20250319,IR.JPY-TONAR-ON.SWAP-4M.MID,4M,0.00535
20250519,IR.JPY-TONAR-ON.SWAP-4M.MID,4M,0.004925
20250320,IR.JPY-TONAR-ON.SWAP-4M.MID,4M,0.0053625
20250520,IR.JPY-TONAR-ON.SWAP-4M.MID,4M,0.004925
20250421,IR.JPY-TONAR-ON.SWAP-4M.MID,4M,0.00505
20250321,IR.JPY-TONAR-ON.SWAP-4M.MID,4M,0.0054375
20250521,IR.JPY-TONAR-ON.SWAP-4M.MID,4M,0.004925
20250422,IR.JPY-TONAR-ON.SWAP-4M.MID,4M,0.0050625
20250522,IR.JPY-TONAR-ON.SWAP-4M.MID,4M,0.0049
20250423,IR.JPY-TONAR-ON.SWAP-4M.MID,4M,0.0051
20250523,IR.JPY-TONAR-ON.SWAP-4M.MID,4M,0.004925
20250424,IR.JPY-TONAR-ON.SWAP-4M.MID,4M,0.0051125
20250224,IR.JPY-TONAR-ON.SWAP-4M.MID,4M,0.005175
20250324,IR.JPY-TONAR-ON.SWAP-4M.MID,4M,0.00545
20250425,IR.JPY-TONAR-ON.SWAP-4M.MID,4M,0.00515
20250225,IR.JPY-TONAR-ON.SWAP-4M.MID,4M,0.0051125
20250325,IR.JPY-TONAR-ON.SWAP-4M.MID,4M,0.0055
20250226,IR.JPY-TONAR-ON.SWAP-4M.MID,4M,0.0050875
20250326,IR.JPY-TONAR-ON.SWAP-4M.MID,4M,0.0055375
20250526,IR.JPY-TONAR-ON.SWAP-4M.MID,4M,0.004925
20250227,IR.JPY-TONAR-ON.SWAP-4M.MID,4M,0.0051375
20250327,IR.JPY-TONAR-ON.SWAP-4M.MID,4M,0.0055625
20250527,IR.JPY-TONAR-ON.SWAP-4M.MID,4M,0.0049625
20250428,IR.JPY-TONAR-ON.SWAP-4M.MID,4M,0.00515
20250228,IR.JPY-TONAR-ON.SWAP-4M.MID,4M,0.005125
20250328,IR.JPY-TONAR-ON.SWAP-4M.MID,4M,0.00555
20250528,IR.JPY-TONAR-ON.SWAP-4M.MID,4M,0.0049875
20250429,IR.JPY-TONAR-ON.SWAP-4M.MID,4M,0.00515
20250529,IR.JPY-TONAR-ON.SWAP-4M.MID,4M,0.0050375
20250430,IR.JPY-TONAR-ON.SWAP-4M.MID,4M,0.005075
20250530,IR.JPY-TONAR-ON.SWAP-4M.MID,4M,0.005025
20250331,IR.JPY-TONAR-ON.SWAP-4M.MID,4M,0.0055125
20250401,IR.JPY-TONAR-ON.SWAP-7Y.MID,7Y,0.011375
20250501,IR.JPY-TONAR-ON.SWAP-7Y.MID,7Y,0.0084
20250402,IR.JPY-TONAR-ON.SWAP-7Y.MID,7Y,0.0112125
20250602,IR.JPY-TONAR-ON.SWAP-7Y.MID,7Y,0.010575
20250502,IR.JPY-TONAR-ON.SWAP-7Y.MID,7Y,0.0085375
20250403,IR.JPY-TONAR-ON.SWAP-7Y.MID,7Y,0.00985
20250303,IR.JPY-TONAR-ON.SWAP-7Y.MID,7Y,0.01125
20250404,IR.JPY-TONAR-ON.SWAP-7Y.MID,7Y,0.0081
20250304,IR.JPY-TONAR-ON.SWAP-7Y.MID,7Y,0.011025
20250305,IR.JPY-TONAR-ON.SWAP-7Y.MID,7Y,0.01155
20250505,IR.JPY-TONAR-ON.SWAP-7Y.MID,7Y,0.0085375
20250306,IR.JPY-TONAR-ON.SWAP-7Y.MID,7Y,0.011625
20250506,IR.JPY-TONAR-ON.SWAP-7Y.MID,7Y,0.0085375
20250407,IR.JPY-TONAR-ON.SWAP-7Y.MID,7Y,0.007675
20250307,IR.JPY-TONAR-ON.SWAP-7Y.MID,7Y,0.0114125
20250507,IR.JPY-TONAR-ON.SWAP-7Y.MID,7Y,0.0087625
20250408,IR.JPY-TONAR-ON.SWAP-7Y.MID,7Y,0.0089875
20250508,IR.JPY-TONAR-ON.SWAP-7Y.MID,7Y,0.009
20250409,IR.JPY-TONAR-ON.SWAP-7Y.MID,7Y,0.0077125
20250509,IR.JPY-TONAR-ON.SWAP-7Y.MID,7Y,0.00915
20250410,IR.JPY-TONAR-ON.SWAP-7Y.MID,7Y,0.00875
20250310,IR.JPY-TONAR-ON.SWAP-7Y.MID,7Y,0.0118
20250411,IR.JPY-TONAR-ON.SWAP-7Y.MID,7Y,0.0080375
20250311,IR.JPY-TONAR-ON.SWAP-7Y.MID,7Y,0.01155
20250312,IR.JPY-TONAR-ON.SWAP-7Y.MID,7Y,0.0114625
20250512,IR.JPY-TONAR-ON.SWAP-7Y.MID,7Y,0.009875
20250313,IR.JPY-TONAR-ON.SWAP-7Y.MID,7Y,0.011775
20250513,IR.JPY-TONAR-ON.SWAP-7Y.MID,7Y,0.01015
20250414,IR.JPY-TONAR-ON.SWAP-7Y.MID,7Y,0.0085
20250314,IR.JPY-TONAR-ON.SWAP-7Y.MID,7Y,0.0114875
20250514,IR.JPY-TONAR-ON.SWAP-7Y.MID,7Y,0.0104125
20250415,IR.JPY-TONAR-ON.SWAP-7Y.MID,7Y,0.0090625
20250515,IR.JPY-TONAR-ON.SWAP-7Y.MID,7Y,0.0102375
20250416,IR.JPY-TONAR-ON.SWAP-7Y.MID,7Y,0.0082
20250516,IR.JPY-TONAR-ON.SWAP-7Y.MID,7Y,0.0102125
20250417,IR.JPY-TONAR-ON.SWAP-7Y.MID,7Y,0.0084375
20250317,IR.JPY-TONAR-ON.SWAP-7Y.MID,7Y,0.011425
20250418,IR.JPY-TONAR-ON.SWAP-7Y.MID,7Y,0.0085375
20250318,IR.JPY-TONAR-ON.SWAP-7Y.MID,7Y,0.0115875
20250319,IR.JPY-TONAR-ON.SWAP-7Y.MID,7Y,0.0117875
20250519,IR.JPY-TONAR-ON.SWAP-7Y.MID,7Y,0.0104
20250320,IR.JPY-TONAR-ON.SWAP-7Y.MID,7Y,0.0118125
20250520,IR.JPY-TONAR-ON.SWAP-7Y.MID,7Y,0.0106125
20250421,IR.JPY-TONAR-ON.SWAP-7Y.MID,7Y,0.0085375
20250321,IR.JPY-TONAR-ON.SWAP-7Y.MID,7Y,0.01165
20250521,IR.JPY-TONAR-ON.SWAP-7Y.MID,7Y,0.010625
20250422,IR.JPY-TONAR-ON.SWAP-7Y.MID,7Y,0.00855
20250522,IR.JPY-TONAR-ON.SWAP-7Y.MID,7Y,0.0108
20250423,IR.JPY-TONAR-ON.SWAP-7Y.MID,7Y,0.009125
20250523,IR.JPY-TONAR-ON.SWAP-7Y.MID,7Y,0.0103375
20250424,IR.JPY-TONAR-ON.SWAP-7Y.MID,7Y,0.0087625
20250224,IR.JPY-TONAR-ON.SWAP-7Y.MID,7Y,0.0110375
20250324,IR.JPY-TONAR-ON.SWAP-7Y.MID,7Y,0.01195
20250425,IR.JPY-TONAR-ON.SWAP-7Y.MID,7Y,0.0091875
20250225,IR.JPY-TONAR-ON.SWAP-7Y.MID,7Y,0.0105875
20250325,IR.JPY-TONAR-ON.SWAP-7Y.MID,7Y,0.012225
20250226,IR.JPY-TONAR-ON.SWAP-7Y.MID,7Y,0.0107375
20250326,IR.JPY-TONAR-ON.SWAP-7Y.MID,7Y,0.0123125
20250526,IR.JPY-TONAR-ON.SWAP-7Y.MID,7Y,0.0103375
20250227,IR.JPY-TONAR-ON.SWAP-7Y.MID,7Y,0.0111375
20250327,IR.JPY-TONAR-ON.SWAP-7Y.MID,7Y,0.0121125
20250527,IR.JPY-TONAR-ON.SWAP-7Y.MID,7Y,0.0102125
20250428,IR.JPY-TONAR-ON.SWAP-7Y.MID,7Y,0.00895
20250228,IR.JPY-TONAR-ON.SWAP-7Y.MID,7Y,0.0108875
20250328,IR.JPY-TONAR-ON.SWAP-7Y.MID,7Y,0.01185
20250528,IR.JPY-TONAR-ON.SWAP-7Y.MID,7Y,0.0105625
20250429,IR.JPY-TONAR-ON.SWAP-7Y.MID,7Y,0.00895
20250529,IR.JPY-TONAR-ON.SWAP-7Y.MID,7Y,0.0103375
20250430,IR.JPY-TONAR-ON.SWAP-7Y.MID,7Y,0.0086375
20250530,IR.JPY-TONAR-ON.SWAP-7Y.MID,7Y,0.0104375
20250331,IR.JPY-TONAR-ON.SWAP-7Y.MID,7Y,0.011375
20250401,IR.JPY-TONAR-ON.SWAP-9Y.MID,9Y,0.012475
20250501,IR.JPY-TONAR-ON.SWAP-9Y.MID,9Y,0.0095625
20250402,IR.JPY-TONAR-ON.SWAP-9Y.MID,9Y,0.0123
20250602,IR.JPY-TONAR-ON.SWAP-9Y.MID,9Y,0.0118875
20250502,IR.JPY-TONAR-ON.SWAP-9Y.MID,9Y,0.0097375
20250403,IR.JPY-TONAR-ON.SWAP-9Y.MID,9Y,0.010875
20250303,IR.JPY-TONAR-ON.SWAP-9Y.MID,9Y,0.0123
20250404,IR.JPY-TONAR-ON.SWAP-9Y.MID,9Y,0.009075
20250304,IR.JPY-TONAR-ON.SWAP-9Y.MID,9Y,0.0120875
20250305,IR.JPY-TONAR-ON.SWAP-9Y.MID,9Y,0.012625
20250505,IR.JPY-TONAR-ON.SWAP-9Y.MID,9Y,0.0097375
20250306,IR.JPY-TONAR-ON.SWAP-9Y.MID,9Y,0.01275
20250506,IR.JPY-TONAR-ON.SWAP-9Y.MID,9Y,0.0097375
20250407,IR.JPY-TONAR-ON.SWAP-9Y.MID,9Y,0.0086375
20250307,IR.JPY-TONAR-ON.SWAP-9Y.MID,9Y,0.0125125
20250507,IR.JPY-TONAR-ON.SWAP-9Y.MID,9Y,0.0099875
20250408,IR.JPY-TONAR-ON.SWAP-9Y.MID,9Y,0.0102125
20250508,IR.JPY-TONAR-ON.SWAP-9Y.MID,9Y,0.0102625
20250409,IR.JPY-TONAR-ON.SWAP-9Y.MID,9Y,0.0089625
20250509,IR.JPY-TONAR-ON.SWAP-9Y.MID,9Y,0.010475
20250410,IR.JPY-TONAR-ON.SWAP-9Y.MID,9Y,0.01
20250310,IR.JPY-TONAR-ON.SWAP-9Y.MID,9Y,0.0129125
20250411,IR.JPY-TONAR-ON.SWAP-9Y.MID,9Y,0.009475
20250311,IR.JPY-TONAR-ON.SWAP-9Y.MID,9Y,0.0127
20250312,IR.JPY-TONAR-ON.SWAP-9Y.MID,9Y,0.0126125
20250512,IR.JPY-TONAR-ON.SWAP-9Y.MID,9Y,0.0111875
20250313,IR.JPY-TONAR-ON.SWAP-9Y.MID,9Y,0.0129375
20250513,IR.JPY-TONAR-ON.SWAP-9Y.MID,9Y,0.0114375
20250414,IR.JPY-TONAR-ON.SWAP-9Y.MID,9Y,0.0100375
20250314,IR.JPY-TONAR-ON.SWAP-9Y.MID,9Y,0.0127
20250514,IR.JPY-TONAR-ON.SWAP-9Y.MID,9Y,0.0117375
20250415,IR.JPY-TONAR-ON.SWAP-9Y.MID,9Y,0.0104375
20250515,IR.JPY-TONAR-ON.SWAP-9Y.MID,9Y,0.0115875
20250416,IR.JPY-TONAR-ON.SWAP-9Y.MID,9Y,0.0094375
20250516,IR.JPY-TONAR-ON.SWAP-9Y.MID,9Y,0.01155
20250417,IR.JPY-TONAR-ON.SWAP-9Y.MID,9Y,0.00965
20250317,IR.JPY-TONAR-ON.SWAP-9Y.MID,9Y,0.01265
20250418,IR.JPY-TONAR-ON.SWAP-9Y.MID,9Y,0.00975
20250318,IR.JPY-TONAR-ON.SWAP-9Y.MID,9Y,0.0128
20250319,IR.JPY-TONAR-ON.SWAP-9Y.MID,9Y,0.012975
20250519,IR.JPY-TONAR-ON.SWAP-9Y.MID,9Y,0.01175
20250320,IR.JPY-TONAR-ON.SWAP-9Y.MID,9Y,0.013
20250520,IR.JPY-TONAR-ON.SWAP-9Y.MID,9Y,0.0120125
20250421,IR.JPY-TONAR-ON.SWAP-9Y.MID,9Y,0.00975
20250321,IR.JPY-TONAR-ON.SWAP-9Y.MID,9Y,0.012775
20250521,IR.JPY-TONAR-ON.SWAP-9Y.MID,9Y,0.01205
20250422,IR.JPY-TONAR-ON.SWAP-9Y.MID,9Y,0.009775
20250522,IR.JPY-TONAR-ON.SWAP-9Y.MID,9Y,0.0123
20250423,IR.JPY-TONAR-ON.SWAP-9Y.MID,9Y,0.0102875
20250523,IR.JPY-TONAR-ON.SWAP-9Y.MID,9Y,0.0117375
20250424,IR.JPY-TONAR-ON.SWAP-9Y.MID,9Y,0.0099625
20250224,IR.JPY-TONAR-ON.SWAP-9Y.MID,9Y,0.0120625
20250324,IR.JPY-TONAR-ON.SWAP-9Y.MID,9Y,0.0130875
20250425,IR.JPY-TONAR-ON.SWAP-9Y.MID,9Y,0.0103875
20250225,IR.JPY-TONAR-ON.SWAP-9Y.MID,9Y,0.0116
20250325,IR.JPY-TONAR-ON.SWAP-9Y.MID,9Y,0.0133125
20250226,IR.JPY-TONAR-ON.SWAP-9Y.MID,9Y,0.01175
20250326,IR.JPY-TONAR-ON.SWAP-9Y.MID,9Y,0.0134
20250526,IR.JPY-TONAR-ON.SWAP-9Y.MID,9Y,0.0117375
20250227,IR.JPY-TONAR-ON.SWAP-9Y.MID,9Y,0.01215
20250327,IR.JPY-TONAR-ON.SWAP-9Y.MID,9Y,0.0131875
20250527,IR.JPY-TONAR-ON.SWAP-9Y.MID,9Y,0.0114375
20250428,IR.JPY-TONAR-ON.SWAP-9Y.MID,9Y,0.0100875
20250228,IR.JPY-TONAR-ON.SWAP-9Y.MID,9Y,0.0119
20250328,IR.JPY-TONAR-ON.SWAP-9Y.MID,9Y,0.012925
20250528,IR.JPY-TONAR-ON.SWAP-9Y.MID,9Y,0.0118125
20250429,IR.JPY-TONAR-ON.SWAP-9Y.MID,9Y,0.0100875
20250529,IR.JPY-TONAR-ON.SWAP-9Y.MID,9Y,0.01165
20250430,IR.JPY-TONAR-ON.SWAP-9Y.MID,9Y,0.009775
20250530,IR.JPY-TONAR-ON.SWAP-9Y.MID,9Y,0.0117375
20250331,IR.JPY-TONAR-ON.SWAP-9Y.MID,9Y,0.01245
20250401,IR.JPY-TONAR-ON.SWAP-12Y.MID,12Y,0.01415
20250501,IR.JPY-TONAR-ON.SWAP-12Y.MID,12Y,0.0116
20250402,IR.JPY-TONAR-ON.SWAP-12Y.MID,12Y,0.01395
20250602,IR.JPY-TONAR-ON.SWAP-12Y.MID,12Y,0.0140125
20250502,IR.JPY-TONAR-ON.SWAP-12Y.MID,12Y,0.0117875
20250403,IR.JPY-TONAR-ON.SWAP-12Y.MID,12Y,0.0125125
20250303,IR.JPY-TONAR-ON.SWAP-12Y.MID,12Y,0.0139125
20250404,IR.JPY-TONAR-ON.SWAP-12Y.MID,12Y,0.010775
20250304,IR.JPY-TONAR-ON.SWAP-12Y.MID,12Y,0.013675
20250305,IR.JPY-TONAR-ON.SWAP-12Y.MID,12Y,0.014275
20250505,IR.JPY-TONAR-ON.SWAP-12Y.MID,12Y,0.0117875
20250306,IR.JPY-TONAR-ON.SWAP-12Y.MID,12Y,0.0144375
20250506,IR.JPY-TONAR-ON.SWAP-12Y.MID,12Y,0.0117875
20250407,IR.JPY-TONAR-ON.SWAP-12Y.MID,12Y,0.0103125
20250307,IR.JPY-TONAR-ON.SWAP-12Y.MID,12Y,0.0142
20250507,IR.JPY-TONAR-ON.SWAP-12Y.MID,12Y,0.0121125
20250408,IR.JPY-TONAR-ON.SWAP-12Y.MID,12Y,0.011725
20250508,IR.JPY-TONAR-ON.SWAP-12Y.MID,12Y,0.0123875
20250409,IR.JPY-TONAR-ON.SWAP-12Y.MID,12Y,0.011075
20250509,IR.JPY-TONAR-ON.SWAP-12Y.MID,12Y,0.0126625
20250410,IR.JPY-TONAR-ON.SWAP-12Y.MID,12Y,0.012
20250310,IR.JPY-TONAR-ON.SWAP-12Y.MID,12Y,0.0145875
20250411,IR.JPY-TONAR-ON.SWAP-12Y.MID,12Y,0.011925
20250311,IR.JPY-TONAR-ON.SWAP-12Y.MID,12Y,0.014425
20250312,IR.JPY-TONAR-ON.SWAP-12Y.MID,12Y,0.014375
20250512,IR.JPY-TONAR-ON.SWAP-12Y.MID,12Y,0.0133625
20250313,IR.JPY-TONAR-ON.SWAP-12Y.MID,12Y,0.0146625
20250513,IR.JPY-TONAR-ON.SWAP-12Y.MID,12Y,0.0135625
20250414,IR.JPY-TONAR-ON.SWAP-12Y.MID,12Y,0.0124875
20250314,IR.JPY-TONAR-ON.SWAP-12Y.MID,12Y,0.0144375
20250514,IR.JPY-TONAR-ON.SWAP-12Y.MID,12Y,0.0139
20250415,IR.JPY-TONAR-ON.SWAP-12Y.MID,12Y,0.0126375
20250515,IR.JPY-TONAR-ON.SWAP-12Y.MID,12Y,0.01375
20250416,IR.JPY-TONAR-ON.SWAP-12Y.MID,12Y,0.01155
20250516,IR.JPY-TONAR-ON.SWAP-12Y.MID,12Y,0.0136375
20250417,IR.JPY-TONAR-ON.SWAP-12Y.MID,12Y,0.0117125
20250317,IR.JPY-TONAR-ON.SWAP-12Y.MID,12Y,0.0144375
20250418,IR.JPY-TONAR-ON.SWAP-12Y.MID,12Y,0.0118125
20250318,IR.JPY-TONAR-ON.SWAP-12Y.MID,12Y,0.0145625
20250319,IR.JPY-TONAR-ON.SWAP-12Y.MID,12Y,0.0147625
20250519,IR.JPY-TONAR-ON.SWAP-12Y.MID,12Y,0.01385
20250320,IR.JPY-TONAR-ON.SWAP-12Y.MID,12Y,0.0148
20250520,IR.JPY-TONAR-ON.SWAP-12Y.MID,12Y,0.0142125
20250421,IR.JPY-TONAR-ON.SWAP-12Y.MID,12Y,0.0118125
20250321,IR.JPY-TONAR-ON.SWAP-12Y.MID,12Y,0.0145
20250521,IR.JPY-TONAR-ON.SWAP-12Y.MID,12Y,0.0143625
20250422,IR.JPY-TONAR-ON.SWAP-12Y.MID,12Y,0.01185
20250522,IR.JPY-TONAR-ON.SWAP-12Y.MID,12Y,0.014675
20250423,IR.JPY-TONAR-ON.SWAP-12Y.MID,12Y,0.012325
20250523,IR.JPY-TONAR-ON.SWAP-12Y.MID,12Y,0.01405
20250424,IR.JPY-TONAR-ON.SWAP-12Y.MID,12Y,0.012025
20250224,IR.JPY-TONAR-ON.SWAP-12Y.MID,12Y,0.01365
20250324,IR.JPY-TONAR-ON.SWAP-12Y.MID,12Y,0.0148125
20250425,IR.JPY-TONAR-ON.SWAP-12Y.MID,12Y,0.0124375
20250225,IR.JPY-TONAR-ON.SWAP-12Y.MID,12Y,0.013175
20250325,IR.JPY-TONAR-ON.SWAP-12Y.MID,12Y,0.015
20250226,IR.JPY-TONAR-ON.SWAP-12Y.MID,12Y,0.013375
20250326,IR.JPY-TONAR-ON.SWAP-12Y.MID,12Y,0.0150625
20250526,IR.JPY-TONAR-ON.SWAP-12Y.MID,12Y,0.01405
20250227,IR.JPY-TONAR-ON.SWAP-12Y.MID,12Y,0.013725
20250327,IR.JPY-TONAR-ON.SWAP-12Y.MID,12Y,0.014825
20250527,IR.JPY-TONAR-ON.SWAP-12Y.MID,12Y,0.0134875
20250428,IR.JPY-TONAR-ON.SWAP-12Y.MID,12Y,0.0120875
20250228,IR.JPY-TONAR-ON.SWAP-12Y.MID,12Y,0.0135125
20250328,IR.JPY-TONAR-ON.SWAP-12Y.MID,12Y,0.0145625
20250528,IR.JPY-TONAR-ON.SWAP-12Y.MID,12Y,0.0138875
20250429,IR.JPY-TONAR-ON.SWAP-12Y.MID,12Y,0.0120875
20250529,IR.JPY-TONAR-ON.SWAP-12Y.MID,12Y,0.013775
20250430,IR.JPY-TONAR-ON.SWAP-12Y.MID,12Y,0.011775
20250530,IR.JPY-TONAR-ON.SWAP-12Y.MID,12Y,0.0138875
20250331,IR.JPY-TONAR-ON.SWAP-12Y.MID,12Y,0.0141125
20250401,IR.JPY-TONAR-ON.SWAP-9M.MID,9M,0.00645
20250501,IR.JPY-TONAR-ON.SWAP-9M.MID,9M,0.0053125
20250402,IR.JPY-TONAR-ON.SWAP-9M.MID,9M,0.006425
20250602,IR.JPY-TONAR-ON.SWAP-9M.MID,9M,0.0058
20250502,IR.JPY-TONAR-ON.SWAP-9M.MID,9M,0.0052
20250403,IR.JPY-TONAR-ON.SWAP-9M.MID,9M,0.006
20250303,IR.JPY-TONAR-ON.SWAP-9M.MID,9M,0.0061625
20250404,IR.JPY-TONAR-ON.SWAP-9M.MID,9M,0.00535
20250304,IR.JPY-TONAR-ON.SWAP-9M.MID,9M,0.0061375
20250305,IR.JPY-TONAR-ON.SWAP-9M.MID,9M,0.006125
20250505,IR.JPY-TONAR-ON.SWAP-9M.MID,9M,0.0052
20250306,IR.JPY-TONAR-ON.SWAP-9M.MID,9M,0.006225
20250506,IR.JPY-TONAR-ON.SWAP-9M.MID,9M,0.0052
20250407,IR.JPY-TONAR-ON.SWAP-9M.MID,9M,0.0051375
20250307,IR.JPY-TONAR-ON.SWAP-9M.MID,9M,0.0063
20250507,IR.JPY-TONAR-ON.SWAP-9M.MID,9M,0.0053
20250408,IR.JPY-TONAR-ON.SWAP-9M.MID,9M,0.0053625
20250508,IR.JPY-TONAR-ON.SWAP-9M.MID,9M,0.0053
20250409,IR.JPY-TONAR-ON.SWAP-9M.MID,9M,0.004875
20250509,IR.JPY-TONAR-ON.SWAP-9M.MID,9M,0.00535
20250410,IR.JPY-TONAR-ON.SWAP-9M.MID,9M,0.0054875
20250310,IR.JPY-TONAR-ON.SWAP-9M.MID,9M,0.0063875
20250411,IR.JPY-TONAR-ON.SWAP-9M.MID,9M,0.00515
20250311,IR.JPY-TONAR-ON.SWAP-9M.MID,9M,0.0062
20250312,IR.JPY-TONAR-ON.SWAP-9M.MID,9M,0.006225
20250512,IR.JPY-TONAR-ON.SWAP-9M.MID,9M,0.005625
20250313,IR.JPY-TONAR-ON.SWAP-9M.MID,9M,0.006375
20250513,IR.JPY-TONAR-ON.SWAP-9M.MID,9M,0.0057
20250414,IR.JPY-TONAR-ON.SWAP-9M.MID,9M,0.0053125
20250314,IR.JPY-TONAR-ON.SWAP-9M.MID,9M,0.0061875
20250514,IR.JPY-TONAR-ON.SWAP-9M.MID,9M,0.005675
20250415,IR.JPY-TONAR-ON.SWAP-9M.MID,9M,0.0056
20250515,IR.JPY-TONAR-ON.SWAP-9M.MID,9M,0.00565
20250416,IR.JPY-TONAR-ON.SWAP-9M.MID,9M,0.0052875
20250516,IR.JPY-TONAR-ON.SWAP-9M.MID,9M,0.0056
20250417,IR.JPY-TONAR-ON.SWAP-9M.MID,9M,0.0055
20250317,IR.JPY-TONAR-ON.SWAP-9M.MID,9M,0.0061375
20250418,IR.JPY-TONAR-ON.SWAP-9M.MID,9M,0.0055
20250318,IR.JPY-TONAR-ON.SWAP-9M.MID,9M,0.00625
20250319,IR.JPY-TONAR-ON.SWAP-9M.MID,9M,0.006375
20250519,IR.JPY-TONAR-ON.SWAP-9M.MID,9M,0.005675
20250320,IR.JPY-TONAR-ON.SWAP-9M.MID,9M,0.0063875
20250520,IR.JPY-TONAR-ON.SWAP-9M.MID,9M,0.005625
20250421,IR.JPY-TONAR-ON.SWAP-9M.MID,9M,0.0055
20250321,IR.JPY-TONAR-ON.SWAP-9M.MID,9M,0.0064125
20250521,IR.JPY-TONAR-ON.SWAP-9M.MID,9M,0.005575
20250422,IR.JPY-TONAR-ON.SWAP-9M.MID,9M,0.0055875
20250522,IR.JPY-TONAR-ON.SWAP-9M.MID,9M,0.0056125
20250423,IR.JPY-TONAR-ON.SWAP-9M.MID,9M,0.0057
20250523,IR.JPY-TONAR-ON.SWAP-9M.MID,9M,0.0055375
20250424,IR.JPY-TONAR-ON.SWAP-9M.MID,9M,0.005625
20250224,IR.JPY-TONAR-ON.SWAP-9M.MID,9M,0.0061875
20250324,IR.JPY-TONAR-ON.SWAP-9M.MID,9M,0.00645
20250425,IR.JPY-TONAR-ON.SWAP-9M.MID,9M,0.005775
20250225,IR.JPY-TONAR-ON.SWAP-9M.MID,9M,0.00605
20250325,IR.JPY-TONAR-ON.SWAP-9M.MID,9M,0.0065625
20250226,IR.JPY-TONAR-ON.SWAP-9M.MID,9M,0.0060375
20250326,IR.JPY-TONAR-ON.SWAP-9M.MID,9M,0.0066625
20250526,IR.JPY-TONAR-ON.SWAP-9M.MID,9M,0.0055375
20250227,IR.JPY-TONAR-ON.SWAP-9M.MID,9M,0.0061875
20250327,IR.JPY-TONAR-ON.SWAP-9M.MID,9M,0.0066375
20250527,IR.JPY-TONAR-ON.SWAP-9M.MID,9M,0.00565
20250428,IR.JPY-TONAR-ON.SWAP-9M.MID,9M,0.005775
20250228,IR.JPY-TONAR-ON.SWAP-9M.MID,9M,0.006075
20250328,IR.JPY-TONAR-ON.SWAP-9M.MID,9M,0.0065375
20250528,IR.JPY-TONAR-ON.SWAP-9M.MID,9M,0.0057125
20250429,IR.JPY-TONAR-ON.SWAP-9M.MID,9M,0.005775
20250529,IR.JPY-TONAR-ON.SWAP-9M.MID,9M,0.0057875
20250430,IR.JPY-TONAR-ON.SWAP-9M.MID,9M,0.005625
20250530,IR.JPY-TONAR-ON.SWAP-9M.MID,9M,0.0057625
20250331,IR.JPY-TONAR-ON.SWAP-9M.MID,9M,0.006475
20250401,IR.JPY-TONAR-ON.SWAP-20Y.MID,20Y,0.0178
20250501,IR.JPY-TONAR-ON.SWAP-20Y.MID,20Y,0.0163625
20250402,IR.JPY-TONAR-ON.SWAP-20Y.MID,20Y,0.0175
20250602,IR.JPY-TONAR-ON.SWAP-20Y.MID,20Y,0.0189375
20250502,IR.JPY-TONAR-ON.SWAP-20Y.MID,20Y,0.0166
20250403,IR.JPY-TONAR-ON.SWAP-20Y.MID,20Y,0.01615
20250303,IR.JPY-TONAR-ON.SWAP-20Y.MID,20Y,0.017425
20250404,IR.JPY-TONAR-ON.SWAP-20Y.MID,20Y,0.0144875
20250304,IR.JPY-TONAR-ON.SWAP-20Y.MID,20Y,0.017175
20250305,IR.JPY-TONAR-ON.SWAP-20Y.MID,20Y,0.017875
20250505,IR.JPY-TONAR-ON.SWAP-20Y.MID,20Y,0.0166
20250306,IR.JPY-TONAR-ON.SWAP-20Y.MID,20Y,0.0181125
20250506,IR.JPY-TONAR-ON.SWAP-20Y.MID,20Y,0.0166
20250407,IR.JPY-TONAR-ON.SWAP-20Y.MID,20Y,0.01405
20250307,IR.JPY-TONAR-ON.SWAP-20Y.MID,20Y,0.0178875
20250507,IR.JPY-TONAR-ON.SWAP-20Y.MID,20Y,0.0171
20250408,IR.JPY-TONAR-ON.SWAP-20Y.MID,20Y,0.0155625
20250508,IR.JPY-TONAR-ON.SWAP-20Y.MID,20Y,0.0173875
20250409,IR.JPY-TONAR-ON.SWAP-20Y.MID,20Y,0.01595
20250509,IR.JPY-TONAR-ON.SWAP-20Y.MID,20Y,0.017775
20250410,IR.JPY-TONAR-ON.SWAP-20Y.MID,20Y,0.0165625
20250310,IR.JPY-TONAR-ON.SWAP-20Y.MID,20Y,0.0182875
20250411,IR.JPY-TONAR-ON.SWAP-20Y.MID,20Y,0.0171875
20250311,IR.JPY-TONAR-ON.SWAP-20Y.MID,20Y,0.0181875
20250312,IR.JPY-TONAR-ON.SWAP-20Y.MID,20Y,0.0181125
20250512,IR.JPY-TONAR-ON.SWAP-20Y.MID,20Y,0.018325
20250313,IR.JPY-TONAR-ON.SWAP-20Y.MID,20Y,0.0183375
20250513,IR.JPY-TONAR-ON.SWAP-20Y.MID,20Y,0.01835
20250414,IR.JPY-TONAR-ON.SWAP-20Y.MID,20Y,0.01795
20250314,IR.JPY-TONAR-ON.SWAP-20Y.MID,20Y,0.018125
20250514,IR.JPY-TONAR-ON.SWAP-20Y.MID,20Y,0.0188125
20250415,IR.JPY-TONAR-ON.SWAP-20Y.MID,20Y,0.0173875
20250515,IR.JPY-TONAR-ON.SWAP-20Y.MID,20Y,0.0187
20250416,IR.JPY-TONAR-ON.SWAP-20Y.MID,20Y,0.0163125
20250516,IR.JPY-TONAR-ON.SWAP-20Y.MID,20Y,0.0184
20250417,IR.JPY-TONAR-ON.SWAP-20Y.MID,20Y,0.0163
20250317,IR.JPY-TONAR-ON.SWAP-20Y.MID,20Y,0.0182
20250418,IR.JPY-TONAR-ON.SWAP-20Y.MID,20Y,0.0164
20250318,IR.JPY-TONAR-ON.SWAP-20Y.MID,20Y,0.0184
20250319,IR.JPY-TONAR-ON.SWAP-20Y.MID,20Y,0.0185875
20250519,IR.JPY-TONAR-ON.SWAP-20Y.MID,20Y,0.0186
20250320,IR.JPY-TONAR-ON.SWAP-20Y.MID,20Y,0.018625
20250520,IR.JPY-TONAR-ON.SWAP-20Y.MID,20Y,0.0192625
20250421,IR.JPY-TONAR-ON.SWAP-20Y.MID,20Y,0.0164
20250321,IR.JPY-TONAR-ON.SWAP-20Y.MID,20Y,0.0182625
20250521,IR.JPY-TONAR-ON.SWAP-20Y.MID,20Y,0.0196125
20250422,IR.JPY-TONAR-ON.SWAP-20Y.MID,20Y,0.0166125
20250522,IR.JPY-TONAR-ON.SWAP-20Y.MID,20Y,0.0201
20250423,IR.JPY-TONAR-ON.SWAP-20Y.MID,20Y,0.0169625
20250523,IR.JPY-TONAR-ON.SWAP-20Y.MID,20Y,0.0192125
20250424,IR.JPY-TONAR-ON.SWAP-20Y.MID,20Y,0.0168
20250224,IR.JPY-TONAR-ON.SWAP-20Y.MID,20Y,0.0171625
20250324,IR.JPY-TONAR-ON.SWAP-20Y.MID,20Y,0.0185625
20250425,IR.JPY-TONAR-ON.SWAP-20Y.MID,20Y,0.017125
20250225,IR.JPY-TONAR-ON.SWAP-20Y.MID,20Y,0.016775
20250325,IR.JPY-TONAR-ON.SWAP-20Y.MID,20Y,0.0187125
20250226,IR.JPY-TONAR-ON.SWAP-20Y.MID,20Y,0.01695
20250326,IR.JPY-TONAR-ON.SWAP-20Y.MID,20Y,0.018725
20250526,IR.JPY-TONAR-ON.SWAP-20Y.MID,20Y,0.0192125
20250227,IR.JPY-TONAR-ON.SWAP-20Y.MID,20Y,0.017275
20250327,IR.JPY-TONAR-ON.SWAP-20Y.MID,20Y,0.018425
20250527,IR.JPY-TONAR-ON.SWAP-20Y.MID,20Y,0.0183375
20250428,IR.JPY-TONAR-ON.SWAP-20Y.MID,20Y,0.0168125
20250228,IR.JPY-TONAR-ON.SWAP-20Y.MID,20Y,0.0171125
20250328,IR.JPY-TONAR-ON.SWAP-20Y.MID,20Y,0.0181625
20250528,IR.JPY-TONAR-ON.SWAP-20Y.MID,20Y,0.0187125
20250429,IR.JPY-TONAR-ON.SWAP-20Y.MID,20Y,0.0168125
20250529,IR.JPY-TONAR-ON.SWAP-20Y.MID,20Y,0.0187875
20250430,IR.JPY-TONAR-ON.SWAP-20Y.MID,20Y,0.01645
20250530,IR.JPY-TONAR-ON.SWAP-20Y.MID,20Y,0.0189
20250331,IR.JPY-TONAR-ON.SWAP-20Y.MID,20Y,0.017825
20250401,IR.JPY-TONAR-ON.CASH-1D.MID,1D,0.00477
20250501,IR.JPY-TONAR-ON.CASH-1D.MID,1D,0.00477
20250402,IR.JPY-TONAR-ON.CASH-1D.MID,1D,0.00477
20250602,IR.JPY-TONAR-ON.CASH-1D.MID,1D,0.00477
20250502,IR.JPY-TONAR-ON.CASH-1D.MID,1D,0.00477
20250403,IR.JPY-TONAR-ON.CASH-1D.MID,1D,0.00476
20250303,IR.JPY-TONAR-ON.CASH-1D.MID,1D,0.00477
20250404,IR.JPY-TONAR-ON.CASH-1D.MID,1D,0.00477
20250304,IR.JPY-TONAR-ON.CASH-1D.MID,1D,0.00476
20250305,IR.JPY-TONAR-ON.CASH-1D.MID,1D,0.00476
20250505,IR.JPY-TONAR-ON.CASH-1D.MID,1D,0.00477
20250306,IR.JPY-TONAR-ON.CASH-1D.MID,1D,0.00476
20250506,IR.JPY-TONAR-ON.CASH-1D.MID,1D,0.00477
20250407,IR.JPY-TONAR-ON.CASH-1D.MID,1D,0.00477
20250307,IR.JPY-TONAR-ON.CASH-1D.MID,1D,0.00477
20250507,IR.JPY-TONAR-ON.CASH-1D.MID,1D,0.00477
20250408,IR.JPY-TONAR-ON.CASH-1D.MID,1D,0.00477
20250508,IR.JPY-TONAR-ON.CASH-1D.MID,1D,0.00476
20250409,IR.JPY-TONAR-ON.CASH-1D.MID,1D,0.00476
20250509,IR.JPY-TONAR-ON.CASH-1D.MID,1D,0.00477
20250410,IR.JPY-TONAR-ON.CASH-1D.MID,1D,0.00476
20250310,IR.JPY-TONAR-ON.CASH-1D.MID,1D,0.00478
20250411,IR.JPY-TONAR-ON.CASH-1D.MID,1D,0.00477
20250311,IR.JPY-TONAR-ON.CASH-1D.MID,1D,0.00479
20250312,IR.JPY-TONAR-ON.CASH-1D.MID,1D,0.00479
20250512,IR.JPY-TONAR-ON.CASH-1D.MID,1D,0.00477
20250313,IR.JPY-TONAR-ON.CASH-1D.MID,1D,0.00476
20250513,IR.JPY-TONAR-ON.CASH-1D.MID,1D,0.00477
20250414,IR.JPY-TONAR-ON.CASH-1D.MID,1D,0.00477
20250314,IR.JPY-TONAR-ON.CASH-1D.MID,1D,0.00477
20250514,IR.JPY-TONAR-ON.CASH-1D.MID,1D,0.00477
20250415,IR.JPY-TONAR-ON.CASH-1D.MID,1D,0.00476
20250515,IR.JPY-TONAR-ON.CASH-1D.MID,1D,0.00477
20250416,IR.JPY-TONAR-ON.CASH-1D.MID,1D,0.00477
20250516,IR.JPY-TONAR-ON.CASH-1D.MID,1D,0.00477
20250417,IR.JPY-TONAR-ON.CASH-1D.MID,1D,0.00476
20250317,IR.JPY-TONAR-ON.CASH-1D.MID,1D,0.00477
20250418,IR.JPY-TONAR-ON.CASH-1D.MID,1D,0.00477
20250318,IR.JPY-TONAR-ON.CASH-1D.MID,1D,0.00476
20250319,IR.JPY-TONAR-ON.CASH-1D.MID,1D,0.00477
20250519,IR.JPY-TONAR-ON.CASH-1D.MID,1D,0.00478
20250320,IR.JPY-TONAR-ON.CASH-1D.MID,1D,0.00477
20250520,IR.JPY-TONAR-ON.CASH-1D.MID,1D,0.00478
20250421,IR.JPY-TONAR-ON.CASH-1D.MID,1D,0.00476
20250321,IR.JPY-TONAR-ON.CASH-1D.MID,1D,0.00477
20250521,IR.JPY-TONAR-ON.CASH-1D.MID,1D,0.00477
20250422,IR.JPY-TONAR-ON.CASH-1D.MID,1D,0.00476
20250522,IR.JPY-TONAR-ON.CASH-1D.MID,1D,0.00476
20250423,IR.JPY-TONAR-ON.CASH-1D.MID,1D,0.00477
20250523,IR.JPY-TONAR-ON.CASH-1D.MID,1D,0.00477
20250424,IR.JPY-TONAR-ON.CASH-1D.MID,1D,0.00477
20250224,IR.JPY-TONAR-ON.CASH-1D.MID,1D,0.00478
20250324,IR.JPY-TONAR-ON.CASH-1D.MID,1D,0.00476
20250425,IR.JPY-TONAR-ON.CASH-1D.MID,1D,0.00477
20250225,IR.JPY-TONAR-ON.CASH-1D.MID,1D,0.00479
20250325,IR.JPY-TONAR-ON.CASH-1D.MID,1D,0.00476
20250226,IR.JPY-TONAR-ON.CASH-1D.MID,1D,0.00477
20250326,IR.JPY-TONAR-ON.CASH-1D.MID,1D,0.00477
20250526,IR.JPY-TONAR-ON.CASH-1D.MID,1D,0.00476
20250227,IR.JPY-TONAR-ON.CASH-1D.MID,1D,0.00477
20250327,IR.JPY-TONAR-ON.CASH-1D.MID,1D,0.00476
20250527,IR.JPY-TONAR-ON.CASH-1D.MID,1D,0.00476
20250428,IR.JPY-TONAR-ON.CASH-1D.MID,1D,0.00476
20250228,IR.JPY-TONAR-ON.CASH-1D.MID,1D,0.00477
20250328,IR.JPY-TONAR-ON.CASH-1D.MID,1D,0.00477
20250528,IR.JPY-TONAR-ON.CASH-1D.MID,1D,0.00476
20250429,IR.JPY-TONAR-ON.CASH-1D.MID,1D,0.00476
20250529,IR.JPY-TONAR-ON.CASH-1D.MID,1D,0.00476
20250430,IR.JPY-TONAR-ON.CASH-1D.MID,1D,0.00476
20250530,IR.JPY-TONAR-ON.CASH-1D.MID,1D,0.00476
20250331,IR.JPY-TONAR-ON.CASH-1D.MID,1D,0.00476
20250401,IR.JPY-TONAR-ON.SWAP-30Y.MID,30Y,0.01955
20250501,IR.JPY-TONAR-ON.SWAP-30Y.MID,30Y,0.018925
20250402,IR.JPY-TONAR-ON.SWAP-30Y.MID,30Y,0.0191625
20250602,IR.JPY-TONAR-ON.SWAP-30Y.MID,30Y,0.0215875
20250502,IR.JPY-TONAR-ON.SWAP-30Y.MID,30Y,0.01925
20250403,IR.JPY-TONAR-ON.SWAP-30Y.MID,30Y,0.0179
20250303,IR.JPY-TONAR-ON.SWAP-30Y.MID,30Y,0.019325
20250404,IR.JPY-TONAR-ON.SWAP-30Y.MID,30Y,0.01625
20250304,IR.JPY-TONAR-ON.SWAP-30Y.MID,30Y,0.0190125
20250305,IR.JPY-TONAR-ON.SWAP-30Y.MID,30Y,0.0197375
20250505,IR.JPY-TONAR-ON.SWAP-30Y.MID,30Y,0.01925
20250306,IR.JPY-TONAR-ON.SWAP-30Y.MID,30Y,0.0200125
20250506,IR.JPY-TONAR-ON.SWAP-30Y.MID,30Y,0.01925
20250407,IR.JPY-TONAR-ON.SWAP-30Y.MID,30Y,0.015875
20250307,IR.JPY-TONAR-ON.SWAP-30Y.MID,30Y,0.0198125
20250507,IR.JPY-TONAR-ON.SWAP-30Y.MID,30Y,0.0198375
20250408,IR.JPY-TONAR-ON.SWAP-30Y.MID,30Y,0.01735
20250508,IR.JPY-TONAR-ON.SWAP-30Y.MID,30Y,0.02015
20250409,IR.JPY-TONAR-ON.SWAP-30Y.MID,30Y,0.018275
20250509,IR.JPY-TONAR-ON.SWAP-30Y.MID,30Y,0.0206375
20250410,IR.JPY-TONAR-ON.SWAP-30Y.MID,30Y,0.0188125
20250310,IR.JPY-TONAR-ON.SWAP-30Y.MID,30Y,0.02015
20250411,IR.JPY-TONAR-ON.SWAP-30Y.MID,30Y,0.0197125
20250311,IR.JPY-TONAR-ON.SWAP-30Y.MID,30Y,0.0200625
20250312,IR.JPY-TONAR-ON.SWAP-30Y.MID,30Y,0.0199125
20250512,IR.JPY-TONAR-ON.SWAP-30Y.MID,30Y,0.0210875
20250313,IR.JPY-TONAR-ON.SWAP-30Y.MID,30Y,0.0201125
20250513,IR.JPY-TONAR-ON.SWAP-30Y.MID,30Y,0.020925
20250414,IR.JPY-TONAR-ON.SWAP-30Y.MID,30Y,0.020575
20250314,IR.JPY-TONAR-ON.SWAP-30Y.MID,30Y,0.019925
20250514,IR.JPY-TONAR-ON.SWAP-30Y.MID,30Y,0.021475
20250415,IR.JPY-TONAR-ON.SWAP-30Y.MID,30Y,0.0197375
20250515,IR.JPY-TONAR-ON.SWAP-30Y.MID,30Y,0.021425
20250416,IR.JPY-TONAR-ON.SWAP-30Y.MID,30Y,0.018675
20250516,IR.JPY-TONAR-ON.SWAP-30Y.MID,30Y,0.02105
20250417,IR.JPY-TONAR-ON.SWAP-30Y.MID,30Y,0.018625
20250317,IR.JPY-TONAR-ON.SWAP-30Y.MID,30Y,0.02005
20250418,IR.JPY-TONAR-ON.SWAP-30Y.MID,30Y,0.018725
20250318,IR.JPY-TONAR-ON.SWAP-30Y.MID,30Y,0.0202875
20250319,IR.JPY-TONAR-ON.SWAP-30Y.MID,30Y,0.0204625
20250519,IR.JPY-TONAR-ON.SWAP-30Y.MID,30Y,0.0212625
20250320,IR.JPY-TONAR-ON.SWAP-30Y.MID,30Y,0.0205
20250520,IR.JPY-TONAR-ON.SWAP-30Y.MID,30Y,0.022175
20250421,IR.JPY-TONAR-ON.SWAP-30Y.MID,30Y,0.018725
20250321,IR.JPY-TONAR-ON.SWAP-30Y.MID,30Y,0.0200875
20250521,IR.JPY-TONAR-ON.SWAP-30Y.MID,30Y,0.0226125
20250422,IR.JPY-TONAR-ON.SWAP-30Y.MID,30Y,0.019075
20250522,IR.JPY-TONAR-ON.SWAP-30Y.MID,30Y,0.02315
20250423,IR.JPY-TONAR-ON.SWAP-30Y.MID,30Y,0.0192375
20250523,IR.JPY-TONAR-ON.SWAP-30Y.MID,30Y,0.0220875
20250424,IR.JPY-TONAR-ON.SWAP-30Y.MID,30Y,0.019175
20250224,IR.JPY-TONAR-ON.SWAP-30Y.MID,30Y,0.0189875
20250324,IR.JPY-TONAR-ON.SWAP-30Y.MID,30Y,0.0203875
20250425,IR.JPY-TONAR-ON.SWAP-30Y.MID,30Y,0.0195625
20250225,IR.JPY-TONAR-ON.SWAP-30Y.MID,30Y,0.01865
20250325,IR.JPY-TONAR-ON.SWAP-30Y.MID,30Y,0.020525
20250226,IR.JPY-TONAR-ON.SWAP-30Y.MID,30Y,0.01885
20250326,IR.JPY-TONAR-ON.SWAP-30Y.MID,30Y,0.0205375
20250526,IR.JPY-TONAR-ON.SWAP-30Y.MID,30Y,0.0220875
20250227,IR.JPY-TONAR-ON.SWAP-30Y.MID,30Y,0.01915
20250327,IR.JPY-TONAR-ON.SWAP-30Y.MID,30Y,0.0201375
20250527,IR.JPY-TONAR-ON.SWAP-30Y.MID,30Y,0.020975
20250428,IR.JPY-TONAR-ON.SWAP-30Y.MID,30Y,0.0192875
20250228,IR.JPY-TONAR-ON.SWAP-30Y.MID,30Y,0.01905
20250328,IR.JPY-TONAR-ON.SWAP-30Y.MID,30Y,0.0198375
20250528,IR.JPY-TONAR-ON.SWAP-30Y.MID,30Y,0.0212375
20250429,IR.JPY-TONAR-ON.SWAP-30Y.MID,30Y,0.0192875
20250529,IR.JPY-TONAR-ON.SWAP-30Y.MID,30Y,0.0214375
20250430,IR.JPY-TONAR-ON.SWAP-30Y.MID,30Y,0.0189375
20250530,IR.JPY-TONAR-ON.SWAP-30Y.MID,30Y,0.0216
20250331,IR.JPY-TONAR-ON.SWAP-30Y.MID,30Y,0.019575
20250401,IR.JPY-TONAR-ON.SWAP-6Y.MID,6Y,0.0108625
20250501,IR.JPY-TONAR-ON.SWAP-6Y.MID,6Y,0.0079
20250402,IR.JPY-TONAR-ON.SWAP-6Y.MID,6Y,0.0106875
20250602,IR.JPY-TONAR-ON.SWAP-6Y.MID,6Y,0.0099625
20250502,IR.JPY-TONAR-ON.SWAP-6Y.MID,6Y,0.008
20250403,IR.JPY-TONAR-ON.SWAP-6Y.MID,6Y,0.009375
20250303,IR.JPY-TONAR-ON.SWAP-6Y.MID,6Y,0.0107375
20250404,IR.JPY-TONAR-ON.SWAP-6Y.MID,6Y,0.00765
20250304,IR.JPY-TONAR-ON.SWAP-6Y.MID,6Y,0.010525
20250305,IR.JPY-TONAR-ON.SWAP-6Y.MID,6Y,0.0110125
20250505,IR.JPY-TONAR-ON.SWAP-6Y.MID,6Y,0.008
20250306,IR.JPY-TONAR-ON.SWAP-6Y.MID,6Y,0.011075
20250506,IR.JPY-TONAR-ON.SWAP-6Y.MID,6Y,0.008
20250407,IR.JPY-TONAR-ON.SWAP-6Y.MID,6Y,0.0072625
20250307,IR.JPY-TONAR-ON.SWAP-6Y.MID,6Y,0.0108625
20250507,IR.JPY-TONAR-ON.SWAP-6Y.MID,6Y,0.008175
20250408,IR.JPY-TONAR-ON.SWAP-6Y.MID,6Y,0.008475
20250508,IR.JPY-TONAR-ON.SWAP-6Y.MID,6Y,0.0084125
20250409,IR.JPY-TONAR-ON.SWAP-6Y.MID,6Y,0.007125
20250509,IR.JPY-TONAR-ON.SWAP-6Y.MID,6Y,0.0085375
20250410,IR.JPY-TONAR-ON.SWAP-6Y.MID,6Y,0.008175
20250310,IR.JPY-TONAR-ON.SWAP-6Y.MID,6Y,0.01125
20250411,IR.JPY-TONAR-ON.SWAP-6Y.MID,6Y,0.0074125
20250311,IR.JPY-TONAR-ON.SWAP-6Y.MID,6Y,0.0109625
20250312,IR.JPY-TONAR-ON.SWAP-6Y.MID,6Y,0.0108875
20250512,IR.JPY-TONAR-ON.SWAP-6Y.MID,6Y,0.0092875
20250313,IR.JPY-TONAR-ON.SWAP-6Y.MID,6Y,0.0112
20250513,IR.JPY-TONAR-ON.SWAP-6Y.MID,6Y,0.0095375
20250414,IR.JPY-TONAR-ON.SWAP-6Y.MID,6Y,0.0078375
20250314,IR.JPY-TONAR-ON.SWAP-6Y.MID,6Y,0.0108875
20250514,IR.JPY-TONAR-ON.SWAP-6Y.MID,6Y,0.009775
20250415,IR.JPY-TONAR-ON.SWAP-6Y.MID,6Y,0.00845
20250515,IR.JPY-TONAR-ON.SWAP-6Y.MID,6Y,0.0096
20250416,IR.JPY-TONAR-ON.SWAP-6Y.MID,6Y,0.0076625
20250516,IR.JPY-TONAR-ON.SWAP-6Y.MID,6Y,0.0096
20250417,IR.JPY-TONAR-ON.SWAP-6Y.MID,6Y,0.0079125
20250317,IR.JPY-TONAR-ON.SWAP-6Y.MID,6Y,0.010825
20250418,IR.JPY-TONAR-ON.SWAP-6Y.MID,6Y,0.0080125
20250318,IR.JPY-TONAR-ON.SWAP-6Y.MID,6Y,0.011
20250319,IR.JPY-TONAR-ON.SWAP-6Y.MID,6Y,0.0112125
20250519,IR.JPY-TONAR-ON.SWAP-6Y.MID,6Y,0.00975
20250320,IR.JPY-TONAR-ON.SWAP-6Y.MID,6Y,0.0112375
20250520,IR.JPY-TONAR-ON.SWAP-6Y.MID,6Y,0.0099375
20250421,IR.JPY-TONAR-ON.SWAP-6Y.MID,6Y,0.0080125
20250321,IR.JPY-TONAR-ON.SWAP-6Y.MID,6Y,0.0111125
20250521,IR.JPY-TONAR-ON.SWAP-6Y.MID,6Y,0.0099375
20250422,IR.JPY-TONAR-ON.SWAP-6Y.MID,6Y,0.0080125
20250522,IR.JPY-TONAR-ON.SWAP-6Y.MID,6Y,0.010075
20250423,IR.JPY-TONAR-ON.SWAP-6Y.MID,6Y,0.0086
20250523,IR.JPY-TONAR-ON.SWAP-6Y.MID,6Y,0.009675
20250424,IR.JPY-TONAR-ON.SWAP-6Y.MID,6Y,0.0082375
20250224,IR.JPY-TONAR-ON.SWAP-6Y.MID,6Y,0.0105125
20250324,IR.JPY-TONAR-ON.SWAP-6Y.MID,6Y,0.0114125
20250425,IR.JPY-TONAR-ON.SWAP-6Y.MID,6Y,0.0086375
20250225,IR.JPY-TONAR-ON.SWAP-6Y.MID,6Y,0.0101
20250325,IR.JPY-TONAR-ON.SWAP-6Y.MID,6Y,0.0117
20250226,IR.JPY-TONAR-ON.SWAP-6Y.MID,6Y,0.01025
20250326,IR.JPY-TONAR-ON.SWAP-6Y.MID,6Y,0.0117875
20250526,IR.JPY-TONAR-ON.SWAP-6Y.MID,6Y,0.009675
20250227,IR.JPY-TONAR-ON.SWAP-6Y.MID,6Y,0.010625
20250327,IR.JPY-TONAR-ON.SWAP-6Y.MID,6Y,0.0116
20250527,IR.JPY-TONAR-ON.SWAP-6Y.MID,6Y,0.0096375
20250428,IR.JPY-TONAR-ON.SWAP-6Y.MID,6Y,0.0084375
20250228,IR.JPY-TONAR-ON.SWAP-6Y.MID,6Y,0.0103875
20250328,IR.JPY-TONAR-ON.SWAP-6Y.MID,6Y,0.01135
20250528,IR.JPY-TONAR-ON.SWAP-6Y.MID,6Y,0.0099625
20250429,IR.JPY-TONAR-ON.SWAP-6Y.MID,6Y,0.0084375
20250529,IR.JPY-TONAR-ON.SWAP-6Y.MID,6Y,0.0097125
20250430,IR.JPY-TONAR-ON.SWAP-6Y.MID,6Y,0.0081375
20250530,IR.JPY-TONAR-ON.SWAP-6Y.MID,6Y,0.0098375
20250331,IR.JPY-TONAR-ON.SWAP-6Y.MID,6Y,0.0108625
20250401,IR.JPY-TONAR-ON.SWAP-5M.MID,5M,0.0057375
20250501,IR.JPY-TONAR-ON.SWAP-5M.MID,5M,0.005
20250402,IR.JPY-TONAR-ON.SWAP-5M.MID,5M,0.0057125
20250602,IR.JPY-TONAR-ON.SWAP-5M.MID,5M,0.005175
20250502,IR.JPY-TONAR-ON.SWAP-5M.MID,5M,0.0049375
20250403,IR.JPY-TONAR-ON.SWAP-5M.MID,5M,0.005425
20250303,IR.JPY-TONAR-ON.SWAP-5M.MID,5M,0.00535
20250404,IR.JPY-TONAR-ON.SWAP-5M.MID,5M,0.0051375
20250304,IR.JPY-TONAR-ON.SWAP-5M.MID,5M,0.0053375
20250305,IR.JPY-TONAR-ON.SWAP-5M.MID,5M,0.0053
20250505,IR.JPY-TONAR-ON.SWAP-5M.MID,5M,0.0049375
20250306,IR.JPY-TONAR-ON.SWAP-5M.MID,5M,0.0054375
20250506,IR.JPY-TONAR-ON.SWAP-5M.MID,5M,0.0049375
20250407,IR.JPY-TONAR-ON.SWAP-5M.MID,5M,0.00495
20250307,IR.JPY-TONAR-ON.SWAP-5M.MID,5M,0.0055375
20250507,IR.JPY-TONAR-ON.SWAP-5M.MID,5M,0.004975
20250408,IR.JPY-TONAR-ON.SWAP-5M.MID,5M,0.0050125
20250508,IR.JPY-TONAR-ON.SWAP-5M.MID,5M,0.004975
20250409,IR.JPY-TONAR-ON.SWAP-5M.MID,5M,0.0048125
20250509,IR.JPY-TONAR-ON.SWAP-5M.MID,5M,0.004975
20250410,IR.JPY-TONAR-ON.SWAP-5M.MID,5M,0.0051
20250310,IR.JPY-TONAR-ON.SWAP-5M.MID,5M,0.0055625
20250411,IR.JPY-TONAR-ON.SWAP-5M.MID,5M,0.0049625
20250311,IR.JPY-TONAR-ON.SWAP-5M.MID,5M,0.005475
20250312,IR.JPY-TONAR-ON.SWAP-5M.MID,5M,0.00545
20250512,IR.JPY-TONAR-ON.SWAP-5M.MID,5M,0.0050625
20250313,IR.JPY-TONAR-ON.SWAP-5M.MID,5M,0.0056
20250513,IR.JPY-TONAR-ON.SWAP-5M.MID,5M,0.0051125
20250414,IR.JPY-TONAR-ON.SWAP-5M.MID,5M,0.005075
20250314,IR.JPY-TONAR-ON.SWAP-5M.MID,5M,0.0054375
20250514,IR.JPY-TONAR-ON.SWAP-5M.MID,5M,0.005025
20250415,IR.JPY-TONAR-ON.SWAP-5M.MID,5M,0.0051625
20250515,IR.JPY-TONAR-ON.SWAP-5M.MID,5M,0.005025
20250416,IR.JPY-TONAR-ON.SWAP-5M.MID,5M,0.00505
20250516,IR.JPY-TONAR-ON.SWAP-5M.MID,5M,0.0050125
20250417,IR.JPY-TONAR-ON.SWAP-5M.MID,5M,0.0051125
20250317,IR.JPY-TONAR-ON.SWAP-5M.MID,5M,0.0054625
20250418,IR.JPY-TONAR-ON.SWAP-5M.MID,5M,0.0051125
20250318,IR.JPY-TONAR-ON.SWAP-5M.MID,5M,0.0055125
20250319,IR.JPY-TONAR-ON.SWAP-5M.MID,5M,0.0056125
20250519,IR.JPY-TONAR-ON.SWAP-5M.MID,5M,0.00505
20250320,IR.JPY-TONAR-ON.SWAP-5M.MID,5M,0.005625
20250520,IR.JPY-TONAR-ON.SWAP-5M.MID,5M,0.00505
20250421,IR.JPY-TONAR-ON.SWAP-5M.MID,5M,0.0051125
20250321,IR.JPY-TONAR-ON.SWAP-5M.MID,5M,0.005675
20250521,IR.JPY-TONAR-ON.SWAP-5M.MID,5M,0.005025
20250422,IR.JPY-TONAR-ON.SWAP-5M.MID,5M,0.005175
20250522,IR.JPY-TONAR-ON.SWAP-5M.MID,5M,0.0050375
20250423,IR.JPY-TONAR-ON.SWAP-5M.MID,5M,0.0052125
20250523,IR.JPY-TONAR-ON.SWAP-5M.MID,5M,0.004975
20250424,IR.JPY-TONAR-ON.SWAP-5M.MID,5M,0.005225
20250224,IR.JPY-TONAR-ON.SWAP-5M.MID,5M,0.0054
20250324,IR.JPY-TONAR-ON.SWAP-5M.MID,5M,0.0056875
20250425,IR.JPY-TONAR-ON.SWAP-5M.MID,5M,0.0052875
20250225,IR.JPY-TONAR-ON.SWAP-5M.MID,5M,0.0053
20250325,IR.JPY-TONAR-ON.SWAP-5M.MID,5M,0.0057375
20250226,IR.JPY-TONAR-ON.SWAP-5M.MID,5M,0.005275
20250326,IR.JPY-TONAR-ON.SWAP-5M.MID,5M,0.005825
20250526,IR.JPY-TONAR-ON.SWAP-5M.MID,5M,0.004975
20250227,IR.JPY-TONAR-ON.SWAP-5M.MID,5M,0.0053625
20250327,IR.JPY-TONAR-ON.SWAP-5M.MID,5M,0.005825
20250527,IR.JPY-TONAR-ON.SWAP-5M.MID,5M,0.0050625
20250428,IR.JPY-TONAR-ON.SWAP-5M.MID,5M,0.0053
20250228,IR.JPY-TONAR-ON.SWAP-5M.MID,5M,0.0053125
20250328,IR.JPY-TONAR-ON.SWAP-5M.MID,5M,0.0057875
20250528,IR.JPY-TONAR-ON.SWAP-5M.MID,5M,0.005075
20250429,IR.JPY-TONAR-ON.SWAP-5M.MID,5M,0.0053
20250529,IR.JPY-TONAR-ON.SWAP-5M.MID,5M,0.005175
20250430,IR.JPY-TONAR-ON.SWAP-5M.MID,5M,0.0051875
20250530,IR.JPY-TONAR-ON.SWAP-5M.MID,5M,0.0051625
20250331,IR.JPY-TONAR-ON.SWAP-5M.MID,5M,0.00575
20250401,IR.JPY-TONAR-ON.SWAP-15Y.MID,15Y,0.0156875
20250501,IR.JPY-TONAR-ON.SWAP-15Y.MID,15Y,0.013575
20250402,IR.JPY-TONAR-ON.SWAP-15Y.MID,15Y,0.01545
20250602,IR.JPY-TONAR-ON.SWAP-15Y.MID,15Y,0.0160875
20250502,IR.JPY-TONAR-ON.SWAP-15Y.MID,15Y,0.013775
20250403,IR.JPY-TONAR-ON.SWAP-15Y.MID,15Y,0.01405
20250303,IR.JPY-TONAR-ON.SWAP-15Y.MID,15Y,0.015375
20250404,IR.JPY-TONAR-ON.SWAP-15Y.MID,15Y,0.0123375
20250304,IR.JPY-TONAR-ON.SWAP-15Y.MID,15Y,0.01515
20250305,IR.JPY-TONAR-ON.SWAP-15Y.MID,15Y,0.0157875
20250505,IR.JPY-TONAR-ON.SWAP-15Y.MID,15Y,0.013775
20250306,IR.JPY-TONAR-ON.SWAP-15Y.MID,15Y,0.0159875
20250506,IR.JPY-TONAR-ON.SWAP-15Y.MID,15Y,0.013775
20250407,IR.JPY-TONAR-ON.SWAP-15Y.MID,15Y,0.011875
20250307,IR.JPY-TONAR-ON.SWAP-15Y.MID,15Y,0.01575
20250507,IR.JPY-TONAR-ON.SWAP-15Y.MID,15Y,0.0141625
20250408,IR.JPY-TONAR-ON.SWAP-15Y.MID,15Y,0.013325
20250508,IR.JPY-TONAR-ON.SWAP-15Y.MID,15Y,0.01445
20250409,IR.JPY-TONAR-ON.SWAP-15Y.MID,15Y,0.0130875
20250509,IR.JPY-TONAR-ON.SWAP-15Y.MID,15Y,0.014775
20250410,IR.JPY-TONAR-ON.SWAP-15Y.MID,15Y,0.013925
20250310,IR.JPY-TONAR-ON.SWAP-15Y.MID,15Y,0.01615
20250411,IR.JPY-TONAR-ON.SWAP-15Y.MID,15Y,0.0141125
20250311,IR.JPY-TONAR-ON.SWAP-15Y.MID,15Y,0.016
20250312,IR.JPY-TONAR-ON.SWAP-15Y.MID,15Y,0.01595
20250512,IR.JPY-TONAR-ON.SWAP-15Y.MID,15Y,0.0154125
20250313,IR.JPY-TONAR-ON.SWAP-15Y.MID,15Y,0.0162375
20250513,IR.JPY-TONAR-ON.SWAP-15Y.MID,15Y,0.0155375
20250414,IR.JPY-TONAR-ON.SWAP-15Y.MID,15Y,0.0148125
20250314,IR.JPY-TONAR-ON.SWAP-15Y.MID,15Y,0.016025
20250514,IR.JPY-TONAR-ON.SWAP-15Y.MID,15Y,0.015925
20250415,IR.JPY-TONAR-ON.SWAP-15Y.MID,15Y,0.0147
20250515,IR.JPY-TONAR-ON.SWAP-15Y.MID,15Y,0.0158125
20250416,IR.JPY-TONAR-ON.SWAP-15Y.MID,15Y,0.0136
20250516,IR.JPY-TONAR-ON.SWAP-15Y.MID,15Y,0.015625
20250417,IR.JPY-TONAR-ON.SWAP-15Y.MID,15Y,0.0136875
20250317,IR.JPY-TONAR-ON.SWAP-15Y.MID,15Y,0.0160375
20250418,IR.JPY-TONAR-ON.SWAP-15Y.MID,15Y,0.0137875
20250318,IR.JPY-TONAR-ON.SWAP-15Y.MID,15Y,0.0162
20250319,IR.JPY-TONAR-ON.SWAP-15Y.MID,15Y,0.0163875
20250519,IR.JPY-TONAR-ON.SWAP-15Y.MID,15Y,0.015825
20250320,IR.JPY-TONAR-ON.SWAP-15Y.MID,15Y,0.016425
20250520,IR.JPY-TONAR-ON.SWAP-15Y.MID,15Y,0.0163125
20250421,IR.JPY-TONAR-ON.SWAP-15Y.MID,15Y,0.0137875
20250321,IR.JPY-TONAR-ON.SWAP-15Y.MID,15Y,0.0161
20250521,IR.JPY-TONAR-ON.SWAP-15Y.MID,15Y,0.016575
20250422,IR.JPY-TONAR-ON.SWAP-15Y.MID,15Y,0.01385
20250522,IR.JPY-TONAR-ON.SWAP-15Y.MID,15Y,0.01695
20250423,IR.JPY-TONAR-ON.SWAP-15Y.MID,15Y,0.014275
20250523,IR.JPY-TONAR-ON.SWAP-15Y.MID,15Y,0.0162625
20250424,IR.JPY-TONAR-ON.SWAP-15Y.MID,15Y,0.014025
20250224,IR.JPY-TONAR-ON.SWAP-15Y.MID,15Y,0.015125
20250324,IR.JPY-TONAR-ON.SWAP-15Y.MID,15Y,0.0164
20250425,IR.JPY-TONAR-ON.SWAP-15Y.MID,15Y,0.0144
20250225,IR.JPY-TONAR-ON.SWAP-15Y.MID,15Y,0.0146625
20250325,IR.JPY-TONAR-ON.SWAP-15Y.MID,15Y,0.016575
20250226,IR.JPY-TONAR-ON.SWAP-15Y.MID,15Y,0.0148625
20250326,IR.JPY-TONAR-ON.SWAP-15Y.MID,15Y,0.0166125
20250526,IR.JPY-TONAR-ON.SWAP-15Y.MID,15Y,0.0162625
20250227,IR.JPY-TONAR-ON.SWAP-15Y.MID,15Y,0.0152
20250327,IR.JPY-TONAR-ON.SWAP-15Y.MID,15Y,0.0163625
20250527,IR.JPY-TONAR-ON.SWAP-15Y.MID,15Y,0.0155375
20250428,IR.JPY-TONAR-ON.SWAP-15Y.MID,15Y,0.0140625
20250228,IR.JPY-TONAR-ON.SWAP-15Y.MID,15Y,0.0150125
20250328,IR.JPY-TONAR-ON.SWAP-15Y.MID,15Y,0.0160875
20250528,IR.JPY-TONAR-ON.SWAP-15Y.MID,15Y,0.015925
20250429,IR.JPY-TONAR-ON.SWAP-15Y.MID,15Y,0.0140625
20250529,IR.JPY-TONAR-ON.SWAP-15Y.MID,15Y,0.0158875
20250430,IR.JPY-TONAR-ON.SWAP-15Y.MID,15Y,0.013725
20250530,IR.JPY-TONAR-ON.SWAP-15Y.MID,15Y,0.016
20250331,IR.JPY-TONAR-ON.SWAP-15Y.MID,15Y,0.0156875
20250401,IR.JPY-TONAR-ON.SWAP-2M.MID,2M,0.0050125
20250501,IR.JPY-TONAR-ON.SWAP-2M.MID,2M,0.0048
20250402,IR.JPY-TONAR-ON.SWAP-2M.MID,2M,0.004975
20250602,IR.JPY-TONAR-ON.SWAP-2M.MID,2M,0.0048
20250502,IR.JPY-TONAR-ON.SWAP-2M.MID,2M,0.0048
20250403,IR.JPY-TONAR-ON.SWAP-2M.MID,2M,0.00485
20250303,IR.JPY-TONAR-ON.SWAP-2M.MID,2M,0.004825
20250404,IR.JPY-TONAR-ON.SWAP-2M.MID,2M,0.004875
20250304,IR.JPY-TONAR-ON.SWAP-2M.MID,2M,0.004825
20250305,IR.JPY-TONAR-ON.SWAP-2M.MID,2M,0.0048125
20250505,IR.JPY-TONAR-ON.SWAP-2M.MID,2M,0.0048
20250306,IR.JPY-TONAR-ON.SWAP-2M.MID,2M,0.0048875
20250506,IR.JPY-TONAR-ON.SWAP-2M.MID,2M,0.0048
20250407,IR.JPY-TONAR-ON.SWAP-2M.MID,2M,0.0047375
20250307,IR.JPY-TONAR-ON.SWAP-2M.MID,2M,0.0049
20250507,IR.JPY-TONAR-ON.SWAP-2M.MID,2M,0.0048
20250408,IR.JPY-TONAR-ON.SWAP-2M.MID,2M,0.0048
20250508,IR.JPY-TONAR-ON.SWAP-2M.MID,2M,0.0048
20250409,IR.JPY-TONAR-ON.SWAP-2M.MID,2M,0.004775
20250509,IR.JPY-TONAR-ON.SWAP-2M.MID,2M,0.0048
20250410,IR.JPY-TONAR-ON.SWAP-2M.MID,2M,0.0048
20250310,IR.JPY-TONAR-ON.SWAP-2M.MID,2M,0.004925
20250411,IR.JPY-TONAR-ON.SWAP-2M.MID,2M,0.004775
20250311,IR.JPY-TONAR-ON.SWAP-2M.MID,2M,0.0049
20250312,IR.JPY-TONAR-ON.SWAP-2M.MID,2M,0.0048875
20250512,IR.JPY-TONAR-ON.SWAP-2M.MID,2M,0.0048
20250313,IR.JPY-TONAR-ON.SWAP-2M.MID,2M,0.00495
20250513,IR.JPY-TONAR-ON.SWAP-2M.MID,2M,0.0048125
20250414,IR.JPY-TONAR-ON.SWAP-2M.MID,2M,0.004775
20250314,IR.JPY-TONAR-ON.SWAP-2M.MID,2M,0.0049125
20250514,IR.JPY-TONAR-ON.SWAP-2M.MID,2M,0.0047875
20250415,IR.JPY-TONAR-ON.SWAP-2M.MID,2M,0.0048
20250515,IR.JPY-TONAR-ON.SWAP-2M.MID,2M,0.0047875
20250416,IR.JPY-TONAR-ON.SWAP-2M.MID,2M,0.004775
20250516,IR.JPY-TONAR-ON.SWAP-2M.MID,2M,0.0047875
20250417,IR.JPY-TONAR-ON.SWAP-2M.MID,2M,0.0048
20250317,IR.JPY-TONAR-ON.SWAP-2M.MID,2M,0.0049
20250418,IR.JPY-TONAR-ON.SWAP-2M.MID,2M,0.0048
20250318,IR.JPY-TONAR-ON.SWAP-2M.MID,2M,0.0049125
20250319,IR.JPY-TONAR-ON.SWAP-2M.MID,2M,0.0049625
20250519,IR.JPY-TONAR-ON.SWAP-2M.MID,2M,0.0047875
20250320,IR.JPY-TONAR-ON.SWAP-2M.MID,2M,0.004975
20250520,IR.JPY-TONAR-ON.SWAP-2M.MID,2M,0.0047875
20250421,IR.JPY-TONAR-ON.SWAP-2M.MID,2M,0.0048
20250321,IR.JPY-TONAR-ON.SWAP-2M.MID,2M,0.005
20250521,IR.JPY-TONAR-ON.SWAP-2M.MID,2M,0.0047875
20250422,IR.JPY-TONAR-ON.SWAP-2M.MID,2M,0.0048125
20250522,IR.JPY-TONAR-ON.SWAP-2M.MID,2M,0.0047875
20250423,IR.JPY-TONAR-ON.SWAP-2M.MID,2M,0.00485
20250523,IR.JPY-TONAR-ON.SWAP-2M.MID,2M,0.0047875
20250424,IR.JPY-TONAR-ON.SWAP-2M.MID,2M,0.004875
20250224,IR.JPY-TONAR-ON.SWAP-2M.MID,2M,0.0047875
20250324,IR.JPY-TONAR-ON.SWAP-2M.MID,2M,0.005
20250425,IR.JPY-TONAR-ON.SWAP-2M.MID,2M,0.0048875
20250225,IR.JPY-TONAR-ON.SWAP-2M.MID,2M,0.0047875
20250325,IR.JPY-TONAR-ON.SWAP-2M.MID,2M,0.0050375
20250226,IR.JPY-TONAR-ON.SWAP-2M.MID,2M,0.0047875
20250326,IR.JPY-TONAR-ON.SWAP-2M.MID,2M,0.00505
20250526,IR.JPY-TONAR-ON.SWAP-2M.MID,2M,0.0047875
20250227,IR.JPY-TONAR-ON.SWAP-2M.MID,2M,0.0048375
20250327,IR.JPY-TONAR-ON.SWAP-2M.MID,2M,0.005075
20250527,IR.JPY-TONAR-ON.SWAP-2M.MID,2M,0.0047875
20250428,IR.JPY-TONAR-ON.SWAP-2M.MID,2M,0.0048625
20250228,IR.JPY-TONAR-ON.SWAP-2M.MID,2M,0.004825
20250328,IR.JPY-TONAR-ON.SWAP-2M.MID,2M,0.0050625
20250528,IR.JPY-TONAR-ON.SWAP-2M.MID,2M,0.0048
20250429,IR.JPY-TONAR-ON.SWAP-2M.MID,2M,0.0048625
20250529,IR.JPY-TONAR-ON.SWAP-2M.MID,2M,0.004825
20250430,IR.JPY-TONAR-ON.SWAP-2M.MID,2M,0.00485
20250530,IR.JPY-TONAR-ON.SWAP-2M.MID,2M,0.004825
20250331,IR.JPY-TONAR-ON.SWAP-2M.MID,2M,0.0050375
20250401,IR.JPY-TONAR-ON.SWAP-8Y.MID,8Y,0.0119125
20250501,IR.JPY-TONAR-ON.SWAP-8Y.MID,8Y,0.00895
20250402,IR.JPY-TONAR-ON.SWAP-8Y.MID,8Y,0.01175
20250602,IR.JPY-TONAR-ON.SWAP-8Y.MID,8Y,0.0112125
20250502,IR.JPY-TONAR-ON.SWAP-8Y.MID,8Y,0.0091125
20250403,IR.JPY-TONAR-ON.SWAP-8Y.MID,8Y,0.01035
20250303,IR.JPY-TONAR-ON.SWAP-8Y.MID,8Y,0.011775
20250404,IR.JPY-TONAR-ON.SWAP-8Y.MID,8Y,0.0085375
20250304,IR.JPY-TONAR-ON.SWAP-8Y.MID,8Y,0.0115625
20250305,IR.JPY-TONAR-ON.SWAP-8Y.MID,8Y,0.0120875
20250505,IR.JPY-TONAR-ON.SWAP-8Y.MID,8Y,0.0091125
20250306,IR.JPY-TONAR-ON.SWAP-8Y.MID,8Y,0.0121875
20250506,IR.JPY-TONAR-ON.SWAP-8Y.MID,8Y,0.0091125
20250407,IR.JPY-TONAR-ON.SWAP-8Y.MID,8Y,0.008125
20250307,IR.JPY-TONAR-ON.SWAP-8Y.MID,8Y,0.0119625
20250507,IR.JPY-TONAR-ON.SWAP-8Y.MID,8Y,0.00935
20250408,IR.JPY-TONAR-ON.SWAP-8Y.MID,8Y,0.0094875
20250508,IR.JPY-TONAR-ON.SWAP-8Y.MID,8Y,0.0096
20250409,IR.JPY-TONAR-ON.SWAP-8Y.MID,8Y,0.0083
20250509,IR.JPY-TONAR-ON.SWAP-8Y.MID,8Y,0.0097875
20250410,IR.JPY-TONAR-ON.SWAP-8Y.MID,8Y,0.00935
20250310,IR.JPY-TONAR-ON.SWAP-8Y.MID,8Y,0.0123625
20250411,IR.JPY-TONAR-ON.SWAP-8Y.MID,8Y,0.008725
20250311,IR.JPY-TONAR-ON.SWAP-8Y.MID,8Y,0.012125
20250312,IR.JPY-TONAR-ON.SWAP-8Y.MID,8Y,0.0120375
20250512,IR.JPY-TONAR-ON.SWAP-8Y.MID,8Y,0.0105125
20250313,IR.JPY-TONAR-ON.SWAP-8Y.MID,8Y,0.01235
20250513,IR.JPY-TONAR-ON.SWAP-8Y.MID,8Y,0.010775
20250414,IR.JPY-TONAR-ON.SWAP-8Y.MID,8Y,0.0092375
20250314,IR.JPY-TONAR-ON.SWAP-8Y.MID,8Y,0.0120875
20250514,IR.JPY-TONAR-ON.SWAP-8Y.MID,8Y,0.0110625
20250415,IR.JPY-TONAR-ON.SWAP-8Y.MID,8Y,0.009725
20250515,IR.JPY-TONAR-ON.SWAP-8Y.MID,8Y,0.0109
20250416,IR.JPY-TONAR-ON.SWAP-8Y.MID,8Y,0.0088
20250516,IR.JPY-TONAR-ON.SWAP-8Y.MID,8Y,0.01085
20250417,IR.JPY-TONAR-ON.SWAP-8Y.MID,8Y,0.009025
20250317,IR.JPY-TONAR-ON.SWAP-8Y.MID,8Y,0.0120375
20250418,IR.JPY-TONAR-ON.SWAP-8Y.MID,8Y,0.009125
20250318,IR.JPY-TONAR-ON.SWAP-8Y.MID,8Y,0.0121875
20250319,IR.JPY-TONAR-ON.SWAP-8Y.MID,8Y,0.012375
20250519,IR.JPY-TONAR-ON.SWAP-8Y.MID,8Y,0.01105
20250320,IR.JPY-TONAR-ON.SWAP-8Y.MID,8Y,0.0124
20250520,IR.JPY-TONAR-ON.SWAP-8Y.MID,8Y,0.0112875
20250421,IR.JPY-TONAR-ON.SWAP-8Y.MID,8Y,0.009125
20250321,IR.JPY-TONAR-ON.SWAP-8Y.MID,8Y,0.0122
20250521,IR.JPY-TONAR-ON.SWAP-8Y.MID,8Y,0.0113125
20250422,IR.JPY-TONAR-ON.SWAP-8Y.MID,8Y,0.009125
20250522,IR.JPY-TONAR-ON.SWAP-8Y.MID,8Y,0.011525
20250423,IR.JPY-TONAR-ON.SWAP-8Y.MID,8Y,0.0096875
20250523,IR.JPY-TONAR-ON.SWAP-8Y.MID,8Y,0.0110125
20250424,IR.JPY-TONAR-ON.SWAP-8Y.MID,8Y,0.0093375
20250224,IR.JPY-TONAR-ON.SWAP-8Y.MID,8Y,0.01155
20250324,IR.JPY-TONAR-ON.SWAP-8Y.MID,8Y,0.0125125
20250425,IR.JPY-TONAR-ON.SWAP-8Y.MID,8Y,0.0097625
20250225,IR.JPY-TONAR-ON.SWAP-8Y.MID,8Y,0.0110875
20250325,IR.JPY-TONAR-ON.SWAP-8Y.MID,8Y,0.0127625
20250226,IR.JPY-TONAR-ON.SWAP-8Y.MID,8Y,0.0112375
20250326,IR.JPY-TONAR-ON.SWAP-8Y.MID,8Y,0.01285
20250526,IR.JPY-TONAR-ON.SWAP-8Y.MID,8Y,0.0110125
20250227,IR.JPY-TONAR-ON.SWAP-8Y.MID,8Y,0.0116375
20250327,IR.JPY-TONAR-ON.SWAP-8Y.MID,8Y,0.0126375
20250527,IR.JPY-TONAR-ON.SWAP-8Y.MID,8Y,0.0108125
20250428,IR.JPY-TONAR-ON.SWAP-8Y.MID,8Y,0.0094875
20250228,IR.JPY-TONAR-ON.SWAP-8Y.MID,8Y,0.0113875
20250328,IR.JPY-TONAR-ON.SWAP-8Y.MID,8Y,0.012375
20250528,IR.JPY-TONAR-ON.SWAP-8Y.MID,8Y,0.011175
20250429,IR.JPY-TONAR-ON.SWAP-8Y.MID,8Y,0.0094875
20250529,IR.JPY-TONAR-ON.SWAP-8Y.MID,8Y,0.010975
20250430,IR.JPY-TONAR-ON.SWAP-8Y.MID,8Y,0.009175
20250530,IR.JPY-TONAR-ON.SWAP-8Y.MID,8Y,0.0110625
20250331,IR.JPY-TONAR-ON.SWAP-8Y.MID,8Y,0.0119
20250401,IR.JPY-TONAR-ON.SWAP-3M.MID,3M,0.0052375
20250501,IR.JPY-TONAR-ON.SWAP-3M.MID,3M,0.0048375
20250402,IR.JPY-TONAR-ON.SWAP-3M.MID,3M,0.0052125
20250602,IR.JPY-TONAR-ON.SWAP-3M.MID,3M,0.004925
20250502,IR.JPY-TONAR-ON.SWAP-3M.MID,3M,0.0048125
20250403,IR.JPY-TONAR-ON.SWAP-3M.MID,3M,0.0050125
20250303,IR.JPY-TONAR-ON.SWAP-3M.MID,3M,0.00495
20250404,IR.JPY-TONAR-ON.SWAP-3M.MID,3M,0.004975
20250304,IR.JPY-TONAR-ON.SWAP-3M.MID,3M,0.00495
20250305,IR.JPY-TONAR-ON.SWAP-3M.MID,3M,0.004925
20250505,IR.JPY-TONAR-ON.SWAP-3M.MID,3M,0.0048125
20250306,IR.JPY-TONAR-ON.SWAP-3M.MID,3M,0.0050125
20250506,IR.JPY-TONAR-ON.SWAP-3M.MID,3M,0.0048125
20250407,IR.JPY-TONAR-ON.SWAP-3M.MID,3M,0.0047875
20250307,IR.JPY-TONAR-ON.SWAP-3M.MID,3M,0.0050875
20250507,IR.JPY-TONAR-ON.SWAP-3M.MID,3M,0.0048375
20250408,IR.JPY-TONAR-ON.SWAP-3M.MID,3M,0.00485
20250508,IR.JPY-TONAR-ON.SWAP-3M.MID,3M,0.00485
20250409,IR.JPY-TONAR-ON.SWAP-3M.MID,3M,0.004775
20250509,IR.JPY-TONAR-ON.SWAP-3M.MID,3M,0.0048375
20250410,IR.JPY-TONAR-ON.SWAP-3M.MID,3M,0.004875
20250310,IR.JPY-TONAR-ON.SWAP-3M.MID,3M,0.0051125
20250411,IR.JPY-TONAR-ON.SWAP-3M.MID,3M,0.004825
20250311,IR.JPY-TONAR-ON.SWAP-3M.MID,3M,0.00505
20250312,IR.JPY-TONAR-ON.SWAP-3M.MID,3M,0.005025
20250512,IR.JPY-TONAR-ON.SWAP-3M.MID,3M,0.0048625
20250313,IR.JPY-TONAR-ON.SWAP-3M.MID,3M,0.0051125
20250513,IR.JPY-TONAR-ON.SWAP-3M.MID,3M,0.004875
20250414,IR.JPY-TONAR-ON.SWAP-3M.MID,3M,0.004875
20250314,IR.JPY-TONAR-ON.SWAP-3M.MID,3M,0.0050125
20250514,IR.JPY-TONAR-ON.SWAP-3M.MID,3M,0.0048625
20250415,IR.JPY-TONAR-ON.SWAP-3M.MID,3M,0.0049125
20250515,IR.JPY-TONAR-ON.SWAP-3M.MID,3M,0.00485
20250416,IR.JPY-TONAR-ON.SWAP-3M.MID,3M,0.0048875
20250516,IR.JPY-TONAR-ON.SWAP-3M.MID,3M,0.0048375
20250417,IR.JPY-TONAR-ON.SWAP-3M.MID,3M,0.0049125
20250317,IR.JPY-TONAR-ON.SWAP-3M.MID,3M,0.0050375
20250418,IR.JPY-TONAR-ON.SWAP-3M.MID,3M,0.0049125
20250318,IR.JPY-TONAR-ON.SWAP-3M.MID,3M,0.0050625
20250319,IR.JPY-TONAR-ON.SWAP-3M.MID,3M,0.005125
20250519,IR.JPY-TONAR-ON.SWAP-3M.MID,3M,0.00485
20250320,IR.JPY-TONAR-ON.SWAP-3M.MID,3M,0.0051375
20250520,IR.JPY-TONAR-ON.SWAP-3M.MID,3M,0.0048625
20250421,IR.JPY-TONAR-ON.SWAP-3M.MID,3M,0.0049125
20250321,IR.JPY-TONAR-ON.SWAP-3M.MID,3M,0.0051875
20250521,IR.JPY-TONAR-ON.SWAP-3M.MID,3M,0.0048625
20250422,IR.JPY-TONAR-ON.SWAP-3M.MID,3M,0.0049125
20250522,IR.JPY-TONAR-ON.SWAP-3M.MID,3M,0.00485
20250423,IR.JPY-TONAR-ON.SWAP-3M.MID,3M,0.0049625
20250523,IR.JPY-TONAR-ON.SWAP-3M.MID,3M,0.00485
20250424,IR.JPY-TONAR-ON.SWAP-3M.MID,3M,0.0049625
20250224,IR.JPY-TONAR-ON.SWAP-3M.MID,3M,0.0049875
20250324,IR.JPY-TONAR-ON.SWAP-3M.MID,3M,0.0051875
20250425,IR.JPY-TONAR-ON.SWAP-3M.MID,3M,0.0049875
20250225,IR.JPY-TONAR-ON.SWAP-3M.MID,3M,0.0049375
20250325,IR.JPY-TONAR-ON.SWAP-3M.MID,3M,0.005225
20250226,IR.JPY-TONAR-ON.SWAP-3M.MID,3M,0.0049125
20250326,IR.JPY-TONAR-ON.SWAP-3M.MID,3M,0.0053
20250526,IR.JPY-TONAR-ON.SWAP-3M.MID,3M,0.00485
20250227,IR.JPY-TONAR-ON.SWAP-3M.MID,3M,0.0049625
20250327,IR.JPY-TONAR-ON.SWAP-3M.MID,3M,0.0053125
20250527,IR.JPY-TONAR-ON.SWAP-3M.MID,3M,0.0048625
20250428,IR.JPY-TONAR-ON.SWAP-3M.MID,3M,0.0049625
20250228,IR.JPY-TONAR-ON.SWAP-3M.MID,3M,0.00495
20250328,IR.JPY-TONAR-ON.SWAP-3M.MID,3M,0.0053
20250528,IR.JPY-TONAR-ON.SWAP-3M.MID,3M,0.0049
20250429,IR.JPY-TONAR-ON.SWAP-3M.MID,3M,0.0049625
20250529,IR.JPY-TONAR-ON.SWAP-3M.MID,3M,0.0049125
20250430,IR.JPY-TONAR-ON.SWAP-3M.MID,3M,0.0049375
20250530,IR.JPY-TONAR-ON.SWAP-3M.MID,3M,0.004925
20250331,IR.JPY-TONAR-ON.SWAP-3M.MID,3M,0.00525
20250401,IR.JPY-TONAR-ON.SWAP-1Y.MID,1Y,0.00695
20250501,IR.JPY-TONAR-ON.SWAP-1Y.MID,1Y,0.0054875
20250402,IR.JPY-TONAR-ON.SWAP-1Y.MID,1Y,0.0069125
20250602,IR.JPY-TONAR-ON.SWAP-1Y.MID,1Y,0.0062
20250502,IR.JPY-TONAR-ON.SWAP-1Y.MID,1Y,0.005475
20250403,IR.JPY-TONAR-ON.SWAP-1Y.MID,1Y,0.006275
20250303,IR.JPY-TONAR-ON.SWAP-1Y.MID,1Y,0.0068
20250404,IR.JPY-TONAR-ON.SWAP-1Y.MID,1Y,0.0054875
20250304,IR.JPY-TONAR-ON.SWAP-1Y.MID,1Y,0.006625
20250305,IR.JPY-TONAR-ON.SWAP-1Y.MID,1Y,0.0067
20250505,IR.JPY-TONAR-ON.SWAP-1Y.MID,1Y,0.005475
20250306,IR.JPY-TONAR-ON.SWAP-1Y.MID,1Y,0.006725
20250506,IR.JPY-TONAR-ON.SWAP-1Y.MID,1Y,0.005475
20250407,IR.JPY-TONAR-ON.SWAP-1Y.MID,1Y,0.0054125
20250307,IR.JPY-TONAR-ON.SWAP-1Y.MID,1Y,0.00685
20250507,IR.JPY-TONAR-ON.SWAP-1Y.MID,1Y,0.0054875
20250408,IR.JPY-TONAR-ON.SWAP-1Y.MID,1Y,0.0058625
20250508,IR.JPY-TONAR-ON.SWAP-1Y.MID,1Y,0.0055
20250409,IR.JPY-TONAR-ON.SWAP-1Y.MID,1Y,0.0048875
20250509,IR.JPY-TONAR-ON.SWAP-1Y.MID,1Y,0.005575
20250410,IR.JPY-TONAR-ON.SWAP-1Y.MID,1Y,0.005725
20250310,IR.JPY-TONAR-ON.SWAP-1Y.MID,1Y,0.0069
20250411,IR.JPY-TONAR-ON.SWAP-1Y.MID,1Y,0.0053125
20250311,IR.JPY-TONAR-ON.SWAP-1Y.MID,1Y,0.006675
20250312,IR.JPY-TONAR-ON.SWAP-1Y.MID,1Y,0.0067625
20250512,IR.JPY-TONAR-ON.SWAP-1Y.MID,1Y,0.006025
20250313,IR.JPY-TONAR-ON.SWAP-1Y.MID,1Y,0.0069
20250513,IR.JPY-TONAR-ON.SWAP-1Y.MID,1Y,0.006075
20250414,IR.JPY-TONAR-ON.SWAP-1Y.MID,1Y,0.00565
20250314,IR.JPY-TONAR-ON.SWAP-1Y.MID,1Y,0.006675
20250514,IR.JPY-TONAR-ON.SWAP-1Y.MID,1Y,0.0060375
20250415,IR.JPY-TONAR-ON.SWAP-1Y.MID,1Y,0.0059
20250515,IR.JPY-TONAR-ON.SWAP-1Y.MID,1Y,0.006025
20250416,IR.JPY-TONAR-ON.SWAP-1Y.MID,1Y,0.0055
20250516,IR.JPY-TONAR-ON.SWAP-1Y.MID,1Y,0.00595
20250417,IR.JPY-TONAR-ON.SWAP-1Y.MID,1Y,0.0057
20250317,IR.JPY-TONAR-ON.SWAP-1Y.MID,1Y,0.0065875
20250418,IR.JPY-TONAR-ON.SWAP-1Y.MID,1Y,0.0057
20250318,IR.JPY-TONAR-ON.SWAP-1Y.MID,1Y,0.0067625
20250319,IR.JPY-TONAR-ON.SWAP-1Y.MID,1Y,0.006875
20250519,IR.JPY-TONAR-ON.SWAP-1Y.MID,1Y,0.0060625
20250320,IR.JPY-TONAR-ON.SWAP-1Y.MID,1Y,0.0069625
20250520,IR.JPY-TONAR-ON.SWAP-1Y.MID,1Y,0.006
20250421,IR.JPY-TONAR-ON.SWAP-1Y.MID,1Y,0.0057
20250321,IR.JPY-TONAR-ON.SWAP-1Y.MID,1Y,0.0069375
20250521,IR.JPY-TONAR-ON.SWAP-1Y.MID,1Y,0.0059625
20250422,IR.JPY-TONAR-ON.SWAP-1Y.MID,1Y,0.0058
20250522,IR.JPY-TONAR-ON.SWAP-1Y.MID,1Y,0.0059875
20250423,IR.JPY-TONAR-ON.SWAP-1Y.MID,1Y,0.006025
20250523,IR.JPY-TONAR-ON.SWAP-1Y.MID,1Y,0.00585
20250424,IR.JPY-TONAR-ON.SWAP-1Y.MID,1Y,0.0058875
20250224,IR.JPY-TONAR-ON.SWAP-1Y.MID,1Y,0.0067
20250324,IR.JPY-TONAR-ON.SWAP-1Y.MID,1Y,0.0070125
20250425,IR.JPY-TONAR-ON.SWAP-1Y.MID,1Y,0.0060375
20250225,IR.JPY-TONAR-ON.SWAP-1Y.MID,1Y,0.006525
20250325,IR.JPY-TONAR-ON.SWAP-1Y.MID,1Y,0.007125
20250226,IR.JPY-TONAR-ON.SWAP-1Y.MID,1Y,0.00655
20250326,IR.JPY-TONAR-ON.SWAP-1Y.MID,1Y,0.0072375
20250526,IR.JPY-TONAR-ON.SWAP-1Y.MID,1Y,0.00585
20250227,IR.JPY-TONAR-ON.SWAP-1Y.MID,1Y,0.00675
20250327,IR.JPY-TONAR-ON.SWAP-1Y.MID,1Y,0.007175
20250527,IR.JPY-TONAR-ON.SWAP-1Y.MID,1Y,0.0060375
20250428,IR.JPY-TONAR-ON.SWAP-1Y.MID,1Y,0.006
20250228,IR.JPY-TONAR-ON.SWAP-1Y.MID,1Y,0.00665
20250328,IR.JPY-TONAR-ON.SWAP-1Y.MID,1Y,0.00705
20250528,IR.JPY-TONAR-ON.SWAP-1Y.MID,1Y,0.00615
20250429,IR.JPY-TONAR-ON.SWAP-1Y.MID,1Y,0.006
20250529,IR.JPY-TONAR-ON.SWAP-1Y.MID,1Y,0.0061375
20250430,IR.JPY-TONAR-ON.SWAP-1Y.MID,1Y,0.005875
20250530,IR.JPY-TONAR-ON.SWAP-1Y.MID,1Y,0.006125
20250331,IR.JPY-TONAR-ON.SWAP-1Y.MID,1Y,0.00695
20250401,IR.JPY-TONAR-ON.SWAP-2Y.MID,2Y,0.0084375
20250501,IR.JPY-TONAR-ON.SWAP-2Y.MID,2Y,0.006175
20250402,IR.JPY-TONAR-ON.SWAP-2Y.MID,2Y,0.0083375
20250602,IR.JPY-TONAR-ON.SWAP-2Y.MID,2Y,0.0074625
20250502,IR.JPY-TONAR-ON.SWAP-2Y.MID,2Y,0.0061625
20250403,IR.JPY-TONAR-ON.SWAP-2Y.MID,2Y,0.0075
20250303,IR.JPY-TONAR-ON.SWAP-2Y.MID,2Y,0.008325
20250404,IR.JPY-TONAR-ON.SWAP-2Y.MID,2Y,0.00615
20250304,IR.JPY-TONAR-ON.SWAP-2Y.MID,2Y,0.008175
20250305,IR.JPY-TONAR-ON.SWAP-2Y.MID,2Y,0.0083375
20250505,IR.JPY-TONAR-ON.SWAP-2Y.MID,2Y,0.0061625
20250306,IR.JPY-TONAR-ON.SWAP-2Y.MID,2Y,0.0083875
20250506,IR.JPY-TONAR-ON.SWAP-2Y.MID,2Y,0.0061625
20250407,IR.JPY-TONAR-ON.SWAP-2Y.MID,2Y,0.0058875
20250307,IR.JPY-TONAR-ON.SWAP-2Y.MID,2Y,0.008375
20250507,IR.JPY-TONAR-ON.SWAP-2Y.MID,2Y,0.0062375
20250408,IR.JPY-TONAR-ON.SWAP-2Y.MID,2Y,0.006625
20250508,IR.JPY-TONAR-ON.SWAP-2Y.MID,2Y,0.0063125
20250409,IR.JPY-TONAR-ON.SWAP-2Y.MID,2Y,0.0053875
20250509,IR.JPY-TONAR-ON.SWAP-2Y.MID,2Y,0.0063875
20250410,IR.JPY-TONAR-ON.SWAP-2Y.MID,2Y,0.00625
20250310,IR.JPY-TONAR-ON.SWAP-2Y.MID,2Y,0.008575
20250411,IR.JPY-TONAR-ON.SWAP-2Y.MID,2Y,0.0056
20250311,IR.JPY-TONAR-ON.SWAP-2Y.MID,2Y,0.008275
20250312,IR.JPY-TONAR-ON.SWAP-2Y.MID,2Y,0.0083375
20250512,IR.JPY-TONAR-ON.SWAP-2Y.MID,2Y,0.0070125
20250313,IR.JPY-TONAR-ON.SWAP-2Y.MID,2Y,0.00855
20250513,IR.JPY-TONAR-ON.SWAP-2Y.MID,2Y,0.007175
20250414,IR.JPY-TONAR-ON.SWAP-2Y.MID,2Y,0.00595
20250314,IR.JPY-TONAR-ON.SWAP-2Y.MID,2Y,0.0082375
20250514,IR.JPY-TONAR-ON.SWAP-2Y.MID,2Y,0.007225
20250415,IR.JPY-TONAR-ON.SWAP-2Y.MID,2Y,0.006525
20250515,IR.JPY-TONAR-ON.SWAP-2Y.MID,2Y,0.007125
20250416,IR.JPY-TONAR-ON.SWAP-2Y.MID,2Y,0.0060125
20250516,IR.JPY-TONAR-ON.SWAP-2Y.MID,2Y,0.0070375
20250417,IR.JPY-TONAR-ON.SWAP-2Y.MID,2Y,0.006175
20250317,IR.JPY-TONAR-ON.SWAP-2Y.MID,2Y,0.0081125
20250418,IR.JPY-TONAR-ON.SWAP-2Y.MID,2Y,0.006175
20250318,IR.JPY-TONAR-ON.SWAP-2Y.MID,2Y,0.0083
20250319,IR.JPY-TONAR-ON.SWAP-2Y.MID,2Y,0.0084875
20250519,IR.JPY-TONAR-ON.SWAP-2Y.MID,2Y,0.0071625
20250320,IR.JPY-TONAR-ON.SWAP-2Y.MID,2Y,0.0085625
20250520,IR.JPY-TONAR-ON.SWAP-2Y.MID,2Y,0.007225
20250421,IR.JPY-TONAR-ON.SWAP-2Y.MID,2Y,0.006175
20250321,IR.JPY-TONAR-ON.SWAP-2Y.MID,2Y,0.0085375
20250521,IR.JPY-TONAR-ON.SWAP-2Y.MID,2Y,0.0071875
20250422,IR.JPY-TONAR-ON.SWAP-2Y.MID,2Y,0.0062625
20250522,IR.JPY-TONAR-ON.SWAP-2Y.MID,2Y,0.007225
20250423,IR.JPY-TONAR-ON.SWAP-2Y.MID,2Y,0.0066375
20250523,IR.JPY-TONAR-ON.SWAP-2Y.MID,2Y,0.0070375
20250424,IR.JPY-TONAR-ON.SWAP-2Y.MID,2Y,0.00645
20250224,IR.JPY-TONAR-ON.SWAP-2Y.MID,2Y,0.0081125
20250324,IR.JPY-TONAR-ON.SWAP-2Y.MID,2Y,0.00865
20250425,IR.JPY-TONAR-ON.SWAP-2Y.MID,2Y,0.006725
20250225,IR.JPY-TONAR-ON.SWAP-2Y.MID,2Y,0.0079
20250325,IR.JPY-TONAR-ON.SWAP-2Y.MID,2Y,0.0088875
20250226,IR.JPY-TONAR-ON.SWAP-2Y.MID,2Y,0.0079625
20250326,IR.JPY-TONAR-ON.SWAP-2Y.MID,2Y,0.0089875
20250526,IR.JPY-TONAR-ON.SWAP-2Y.MID,2Y,0.0070375
20250227,IR.JPY-TONAR-ON.SWAP-2Y.MID,2Y,0.0082875
20250327,IR.JPY-TONAR-ON.SWAP-2Y.MID,2Y,0.0088625
20250527,IR.JPY-TONAR-ON.SWAP-2Y.MID,2Y,0.0072375
20250428,IR.JPY-TONAR-ON.SWAP-2Y.MID,2Y,0.0067125
20250228,IR.JPY-TONAR-ON.SWAP-2Y.MID,2Y,0.008125
20250328,IR.JPY-TONAR-ON.SWAP-2Y.MID,2Y,0.0087125
20250528,IR.JPY-TONAR-ON.SWAP-2Y.MID,2Y,0.0074375
20250429,IR.JPY-TONAR-ON.SWAP-2Y.MID,2Y,0.0067125
20250529,IR.JPY-TONAR-ON.SWAP-2Y.MID,2Y,0.00725
20250430,IR.JPY-TONAR-ON.SWAP-2Y.MID,2Y,0.006525
20250530,IR.JPY-TONAR-ON.SWAP-2Y.MID,2Y,0.007375
20250331,IR.JPY-TONAR-ON.SWAP-2Y.MID,2Y,0.0084375
20250401,IR.JPY-TONAR-ON.SWAP-6M.MID,6M,0.0059125
20250501,IR.JPY-TONAR-ON.SWAP-6M.MID,6M,0.005075
20250402,IR.JPY-TONAR-ON.SWAP-6M.MID,6M,0.0059
20250602,IR.JPY-TONAR-ON.SWAP-6M.MID,6M,0.00535
20250502,IR.JPY-TONAR-ON.SWAP-6M.MID,6M,0.004975
20250403,IR.JPY-TONAR-ON.SWAP-6M.MID,6M,0.0055875
20250303,IR.JPY-TONAR-ON.SWAP-6M.MID,6M,0.0055625
20250404,IR.JPY-TONAR-ON.SWAP-6M.MID,6M,0.0051875
20250304,IR.JPY-TONAR-ON.SWAP-6M.MID,6M,0.00555
20250305,IR.JPY-TONAR-ON.SWAP-6M.MID,6M,0.005525
20250505,IR.JPY-TONAR-ON.SWAP-6M.MID,6M,0.004975
20250306,IR.JPY-TONAR-ON.SWAP-6M.MID,6M,0.005675
20250506,IR.JPY-TONAR-ON.SWAP-6M.MID,6M,0.004975
20250407,IR.JPY-TONAR-ON.SWAP-6M.MID,6M,0.005025
20250307,IR.JPY-TONAR-ON.SWAP-6M.MID,6M,0.00575
20250507,IR.JPY-TONAR-ON.SWAP-6M.MID,6M,0.0050625
20250408,IR.JPY-TONAR-ON.SWAP-6M.MID,6M,0.005125
20250508,IR.JPY-TONAR-ON.SWAP-6M.MID,6M,0.0050625
20250409,IR.JPY-TONAR-ON.SWAP-6M.MID,6M,0.004825
20250509,IR.JPY-TONAR-ON.SWAP-6M.MID,6M,0.005075
20250410,IR.JPY-TONAR-ON.SWAP-6M.MID,6M,0.005225
20250310,IR.JPY-TONAR-ON.SWAP-6M.MID,6M,0.0057875
20250411,IR.JPY-TONAR-ON.SWAP-6M.MID,6M,0.005025
20250311,IR.JPY-TONAR-ON.SWAP-6M.MID,6M,0.005675
20250312,IR.JPY-TONAR-ON.SWAP-6M.MID,6M,0.0056875
20250512,IR.JPY-TONAR-ON.SWAP-6M.MID,6M,0.0052125
20250313,IR.JPY-TONAR-ON.SWAP-6M.MID,6M,0.0058
20250513,IR.JPY-TONAR-ON.SWAP-6M.MID,6M,0.0052625
20250414,IR.JPY-TONAR-ON.SWAP-6M.MID,6M,0.0051375
20250314,IR.JPY-TONAR-ON.SWAP-6M.MID,6M,0.00565
20250514,IR.JPY-TONAR-ON.SWAP-6M.MID,6M,0.005225
20250415,IR.JPY-TONAR-ON.SWAP-6M.MID,6M,0.0053125
20250515,IR.JPY-TONAR-ON.SWAP-6M.MID,6M,0.0052
20250416,IR.JPY-TONAR-ON.SWAP-6M.MID,6M,0.00515
20250516,IR.JPY-TONAR-ON.SWAP-6M.MID,6M,0.005175
20250417,IR.JPY-TONAR-ON.SWAP-6M.MID,6M,0.0052375
20250317,IR.JPY-TONAR-ON.SWAP-6M.MID,6M,0.0056625
20250418,IR.JPY-TONAR-ON.SWAP-6M.MID,6M,0.0052375
20250318,IR.JPY-TONAR-ON.SWAP-6M.MID,6M,0.005725
20250319,IR.JPY-TONAR-ON.SWAP-6M.MID,6M,0.0058375
20250519,IR.JPY-TONAR-ON.SWAP-6M.MID,6M,0.0052125
20250320,IR.JPY-TONAR-ON.SWAP-6M.MID,6M,0.00585
20250520,IR.JPY-TONAR-ON.SWAP-6M.MID,6M,0.0051875
20250421,IR.JPY-TONAR-ON.SWAP-6M.MID,6M,0.0052375
20250321,IR.JPY-TONAR-ON.SWAP-6M.MID,6M,0.0058625
20250521,IR.JPY-TONAR-ON.SWAP-6M.MID,6M,0.00515
20250422,IR.JPY-TONAR-ON.SWAP-6M.MID,6M,0.0053
20250522,IR.JPY-TONAR-ON.SWAP-6M.MID,6M,0.0051875
20250423,IR.JPY-TONAR-ON.SWAP-6M.MID,6M,0.0053625
20250523,IR.JPY-TONAR-ON.SWAP-6M.MID,6M,0.005125
20250424,IR.JPY-TONAR-ON.SWAP-6M.MID,6M,0.00535
20250224,IR.JPY-TONAR-ON.SWAP-6M.MID,6M,0.0056
20250324,IR.JPY-TONAR-ON.SWAP-6M.MID,6M,0.005875
20250425,IR.JPY-TONAR-ON.SWAP-6M.MID,6M,0.00545
20250225,IR.JPY-TONAR-ON.SWAP-6M.MID,6M,0.0054875
20250325,IR.JPY-TONAR-ON.SWAP-6M.MID,6M,0.0059625
20250226,IR.JPY-TONAR-ON.SWAP-6M.MID,6M,0.0054875
20250326,IR.JPY-TONAR-ON.SWAP-6M.MID,6M,0.00605
20250526,IR.JPY-TONAR-ON.SWAP-6M.MID,6M,0.005125
20250227,IR.JPY-TONAR-ON.SWAP-6M.MID,6M,0.0055875
20250327,IR.JPY-TONAR-ON.SWAP-6M.MID,6M,0.0060375
20250527,IR.JPY-TONAR-ON.SWAP-6M.MID,6M,0.005225
20250428,IR.JPY-TONAR-ON.SWAP-6M.MID,6M,0.0054625
20250228,IR.JPY-TONAR-ON.SWAP-6M.MID,6M,0.0055375
20250328,IR.JPY-TONAR-ON.SWAP-6M.MID,6M,0.005975
20250528,IR.JPY-TONAR-ON.SWAP-6M.MID,6M,0.0052375
20250429,IR.JPY-TONAR-ON.SWAP-6M.MID,6M,0.0054625
20250529,IR.JPY-TONAR-ON.SWAP-6M.MID,6M,0.00535
20250430,IR.JPY-TONAR-ON.SWAP-6M.MID,6M,0.005325
20250530,IR.JPY-TONAR-ON.SWAP-6M.MID,6M,0.00535
20250331,IR.JPY-TONAR-ON.SWAP-6M.MID,6M,0.0059375
20250401,IR.JPY-TONAR-ON.SWAP-3Y.MID,3Y,0.009325
20250501,IR.JPY-TONAR-ON.SWAP-3Y.MID,3Y,0.006625
20250402,IR.JPY-TONAR-ON.SWAP-3Y.MID,3Y,0.009175
20250602,IR.JPY-TONAR-ON.SWAP-3Y.MID,3Y,0.0082375
20250502,IR.JPY-TONAR-ON.SWAP-3Y.MID,3Y,0.0066375
20250403,IR.JPY-TONAR-ON.SWAP-3Y.MID,3Y,0.0081625
20250303,IR.JPY-TONAR-ON.SWAP-3Y.MID,3Y,0.009225
20250404,IR.JPY-TONAR-ON.SWAP-3Y.MID,3Y,0.006625
20250304,IR.JPY-TONAR-ON.SWAP-3Y.MID,3Y,0.009
20250305,IR.JPY-TONAR-ON.SWAP-3Y.MID,3Y,0.0093375
20250505,IR.JPY-TONAR-ON.SWAP-3Y.MID,3Y,0.0066375
20250306,IR.JPY-TONAR-ON.SWAP-3Y.MID,3Y,0.009375
20250506,IR.JPY-TONAR-ON.SWAP-3Y.MID,3Y,0.0066375
20250407,IR.JPY-TONAR-ON.SWAP-3Y.MID,3Y,0.0062625
20250307,IR.JPY-TONAR-ON.SWAP-3Y.MID,3Y,0.0092875
20250507,IR.JPY-TONAR-ON.SWAP-3Y.MID,3Y,0.00675
20250408,IR.JPY-TONAR-ON.SWAP-3Y.MID,3Y,0.0071625
20250508,IR.JPY-TONAR-ON.SWAP-3Y.MID,3Y,0.0069125
20250409,IR.JPY-TONAR-ON.SWAP-3Y.MID,3Y,0.0059125
20250509,IR.JPY-TONAR-ON.SWAP-3Y.MID,3Y,0.0069875
20250410,IR.JPY-TONAR-ON.SWAP-3Y.MID,3Y,0.0067375
20250310,IR.JPY-TONAR-ON.SWAP-3Y.MID,3Y,0.0095875
20250411,IR.JPY-TONAR-ON.SWAP-3Y.MID,3Y,0.005925
20250311,IR.JPY-TONAR-ON.SWAP-3Y.MID,3Y,0.0092125
20250312,IR.JPY-TONAR-ON.SWAP-3Y.MID,3Y,0.0092375
20250512,IR.JPY-TONAR-ON.SWAP-3Y.MID,3Y,0.0076875
20250313,IR.JPY-TONAR-ON.SWAP-3Y.MID,3Y,0.0095125
20250513,IR.JPY-TONAR-ON.SWAP-3Y.MID,3Y,0.0078625
20250414,IR.JPY-TONAR-ON.SWAP-3Y.MID,3Y,0.00635
20250314,IR.JPY-TONAR-ON.SWAP-3Y.MID,3Y,0.009175
20250514,IR.JPY-TONAR-ON.SWAP-3Y.MID,3Y,0.007975
20250415,IR.JPY-TONAR-ON.SWAP-3Y.MID,3Y,0.006925
20250515,IR.JPY-TONAR-ON.SWAP-3Y.MID,3Y,0.007825
20250416,IR.JPY-TONAR-ON.SWAP-3Y.MID,3Y,0.0063875
20250516,IR.JPY-TONAR-ON.SWAP-3Y.MID,3Y,0.0078125
20250417,IR.JPY-TONAR-ON.SWAP-3Y.MID,3Y,0.0065625
20250317,IR.JPY-TONAR-ON.SWAP-3Y.MID,3Y,0.00905
20250418,IR.JPY-TONAR-ON.SWAP-3Y.MID,3Y,0.006625
20250318,IR.JPY-TONAR-ON.SWAP-3Y.MID,3Y,0.0092375
20250319,IR.JPY-TONAR-ON.SWAP-3Y.MID,3Y,0.0095
20250519,IR.JPY-TONAR-ON.SWAP-3Y.MID,3Y,0.0079125
20250320,IR.JPY-TONAR-ON.SWAP-3Y.MID,3Y,0.009525
20250520,IR.JPY-TONAR-ON.SWAP-3Y.MID,3Y,0.008025
20250421,IR.JPY-TONAR-ON.SWAP-3Y.MID,3Y,0.006625
20250321,IR.JPY-TONAR-ON.SWAP-3Y.MID,3Y,0.0094625
20250521,IR.JPY-TONAR-ON.SWAP-3Y.MID,3Y,0.0080125
20250422,IR.JPY-TONAR-ON.SWAP-3Y.MID,3Y,0.0066625
20250522,IR.JPY-TONAR-ON.SWAP-3Y.MID,3Y,0.00805
20250423,IR.JPY-TONAR-ON.SWAP-3Y.MID,3Y,0.00725
20250523,IR.JPY-TONAR-ON.SWAP-3Y.MID,3Y,0.007825
20250424,IR.JPY-TONAR-ON.SWAP-3Y.MID,3Y,0.006875
20250224,IR.JPY-TONAR-ON.SWAP-3Y.MID,3Y,0.0089625
20250324,IR.JPY-TONAR-ON.SWAP-3Y.MID,3Y,0.009675
20250425,IR.JPY-TONAR-ON.SWAP-3Y.MID,3Y,0.0072
20250225,IR.JPY-TONAR-ON.SWAP-3Y.MID,3Y,0.0087
20250325,IR.JPY-TONAR-ON.SWAP-3Y.MID,3Y,0.0099375
20250226,IR.JPY-TONAR-ON.SWAP-3Y.MID,3Y,0.008775
20250326,IR.JPY-TONAR-ON.SWAP-3Y.MID,3Y,0.0100625
20250526,IR.JPY-TONAR-ON.SWAP-3Y.MID,3Y,0.00775
20250227,IR.JPY-TONAR-ON.SWAP-3Y.MID,3Y,0.0091625
20250327,IR.JPY-TONAR-ON.SWAP-3Y.MID,3Y,0.0099
20250527,IR.JPY-TONAR-ON.SWAP-3Y.MID,3Y,0.00795
20250428,IR.JPY-TONAR-ON.SWAP-3Y.MID,3Y,0.00715
20250228,IR.JPY-TONAR-ON.SWAP-3Y.MID,3Y,0.00895
20250328,IR.JPY-TONAR-ON.SWAP-3Y.MID,3Y,0.0097125
20250528,IR.JPY-TONAR-ON.SWAP-3Y.MID,3Y,0.008225
20250429,IR.JPY-TONAR-ON.SWAP-3Y.MID,3Y,0.00715
20250529,IR.JPY-TONAR-ON.SWAP-3Y.MID,3Y,0.0080125
20250430,IR.JPY-TONAR-ON.SWAP-3Y.MID,3Y,0.0069
20250530,IR.JPY-TONAR-ON.SWAP-3Y.MID,3Y,0.00815
20250331,IR.JPY-TONAR-ON.SWAP-3Y.MID,3Y,0.0093375
20250401,IR.JPY-TONAR-ON.SWAP-4Y.MID,4Y,0.0099
20250501,IR.JPY-TONAR-ON.SWAP-4Y.MID,4Y,0.0070125
20250402,IR.JPY-TONAR-ON.SWAP-4Y.MID,4Y,0.0097375
20250602,IR.JPY-TONAR-ON.SWAP-4Y.MID,4Y,0.0088375
20250502,IR.JPY-TONAR-ON.SWAP-4Y.MID,4Y,0.00705
20250403,IR.JPY-TONAR-ON.SWAP-4Y.MID,4Y,0.0086125
20250303,IR.JPY-TONAR-ON.SWAP-4Y.MID,4Y,0.009775
20250404,IR.JPY-TONAR-ON.SWAP-4Y.MID,4Y,0.007
20250304,IR.JPY-TONAR-ON.SWAP-4Y.MID,4Y,0.0095625
20250305,IR.JPY-TONAR-ON.SWAP-4Y.MID,4Y,0.0099375
20250505,IR.JPY-TONAR-ON.SWAP-4Y.MID,4Y,0.00705
20250306,IR.JPY-TONAR-ON.SWAP-4Y.MID,4Y,0.01
20250506,IR.JPY-TONAR-ON.SWAP-4Y.MID,4Y,0.00705
20250407,IR.JPY-TONAR-ON.SWAP-4Y.MID,4Y,0.006575
20250307,IR.JPY-TONAR-ON.SWAP-4Y.MID,4Y,0.0098625
20250507,IR.JPY-TONAR-ON.SWAP-4Y.MID,4Y,0.0072
20250408,IR.JPY-TONAR-ON.SWAP-4Y.MID,4Y,0.0076125
20250508,IR.JPY-TONAR-ON.SWAP-4Y.MID,4Y,0.0074
20250409,IR.JPY-TONAR-ON.SWAP-4Y.MID,4Y,0.0060875
20250509,IR.JPY-TONAR-ON.SWAP-4Y.MID,4Y,0.0074875
20250410,IR.JPY-TONAR-ON.SWAP-4Y.MID,4Y,0.0072125
20250310,IR.JPY-TONAR-ON.SWAP-4Y.MID,4Y,0.0102
20250411,IR.JPY-TONAR-ON.SWAP-4Y.MID,4Y,0.006375
20250311,IR.JPY-TONAR-ON.SWAP-4Y.MID,4Y,0.0099125
20250312,IR.JPY-TONAR-ON.SWAP-4Y.MID,4Y,0.0098375
20250512,IR.JPY-TONAR-ON.SWAP-4Y.MID,4Y,0.0082125
20250313,IR.JPY-TONAR-ON.SWAP-4Y.MID,4Y,0.0101375
20250513,IR.JPY-TONAR-ON.SWAP-4Y.MID,4Y,0.0084375
20250414,IR.JPY-TONAR-ON.SWAP-4Y.MID,4Y,0.006775
20250314,IR.JPY-TONAR-ON.SWAP-4Y.MID,4Y,0.0098
20250514,IR.JPY-TONAR-ON.SWAP-4Y.MID,4Y,0.0086125
20250415,IR.JPY-TONAR-ON.SWAP-4Y.MID,4Y,0.0074
20250515,IR.JPY-TONAR-ON.SWAP-4Y.MID,4Y,0.0084625
20250416,IR.JPY-TONAR-ON.SWAP-4Y.MID,4Y,0.0067875
20250516,IR.JPY-TONAR-ON.SWAP-4Y.MID,4Y,0.00845
20250417,IR.JPY-TONAR-ON.SWAP-4Y.MID,4Y,0.007
20250317,IR.JPY-TONAR-ON.SWAP-4Y.MID,4Y,0.0097
20250418,IR.JPY-TONAR-ON.SWAP-4Y.MID,4Y,0.007075
20250318,IR.JPY-TONAR-ON.SWAP-4Y.MID,4Y,0.0098875
20250319,IR.JPY-TONAR-ON.SWAP-4Y.MID,4Y,0.0101375
20250519,IR.JPY-TONAR-ON.SWAP-4Y.MID,4Y,0.0085625
20250320,IR.JPY-TONAR-ON.SWAP-4Y.MID,4Y,0.0101625
20250520,IR.JPY-TONAR-ON.SWAP-4Y.MID,4Y,0.0087
20250421,IR.JPY-TONAR-ON.SWAP-4Y.MID,4Y,0.007075
20250321,IR.JPY-TONAR-ON.SWAP-4Y.MID,4Y,0.0101
20250521,IR.JPY-TONAR-ON.SWAP-4Y.MID,4Y,0.008675
20250422,IR.JPY-TONAR-ON.SWAP-4Y.MID,4Y,0.0070875
20250522,IR.JPY-TONAR-ON.SWAP-4Y.MID,4Y,0.0087375
20250423,IR.JPY-TONAR-ON.SWAP-4Y.MID,4Y,0.0076875
20250523,IR.JPY-TONAR-ON.SWAP-4Y.MID,4Y,0.00845
20250424,IR.JPY-TONAR-ON.SWAP-4Y.MID,4Y,0.0073125
20250224,IR.JPY-TONAR-ON.SWAP-4Y.MID,4Y,0.0095
20250324,IR.JPY-TONAR-ON.SWAP-4Y.MID,4Y,0.0103375
20250425,IR.JPY-TONAR-ON.SWAP-4Y.MID,4Y,0.0076625
20250225,IR.JPY-TONAR-ON.SWAP-4Y.MID,4Y,0.0092
20250325,IR.JPY-TONAR-ON.SWAP-4Y.MID,4Y,0.01065
20250226,IR.JPY-TONAR-ON.SWAP-4Y.MID,4Y,0.0092875
20250326,IR.JPY-TONAR-ON.SWAP-4Y.MID,4Y,0.0107375
20250526,IR.JPY-TONAR-ON.SWAP-4Y.MID,4Y,0.00845
20250227,IR.JPY-TONAR-ON.SWAP-4Y.MID,4Y,0.0096875
20250327,IR.JPY-TONAR-ON.SWAP-4Y.MID,4Y,0.0105625
20250527,IR.JPY-TONAR-ON.SWAP-4Y.MID,4Y,0.0085625
20250428,IR.JPY-TONAR-ON.SWAP-4Y.MID,4Y,0.00755
20250228,IR.JPY-TONAR-ON.SWAP-4Y.MID,4Y,0.009475
20250328,IR.JPY-TONAR-ON.SWAP-4Y.MID,4Y,0.0103375
20250528,IR.JPY-TONAR-ON.SWAP-4Y.MID,4Y,0.0088375
20250429,IR.JPY-TONAR-ON.SWAP-4Y.MID,4Y,0.00755
20250529,IR.JPY-TONAR-ON.SWAP-4Y.MID,4Y,0.0085875
20250430,IR.JPY-TONAR-ON.SWAP-4Y.MID,4Y,0.0072875
20250530,IR.JPY-TONAR-ON.SWAP-4Y.MID,4Y,0.008725
20250331,IR.JPY-TONAR-ON.SWAP-4Y.MID,4Y,0.0099125
20250401,IR.JPY-TONAR-ON.SWAP-18M.MID,18M,0.007825
20250501,IR.JPY-TONAR-ON.SWAP-18M.MID,18M,0.00585
20250402,IR.JPY-TONAR-ON.SWAP-18M.MID,18M,0.0077375
20250602,IR.JPY-TONAR-ON.SWAP-18M.MID,18M,0.0068875
20250502,IR.JPY-TONAR-ON.SWAP-18M.MID,18M,0.005825
20250403,IR.JPY-TONAR-ON.SWAP-18M.MID,18M,0.006975
20250303,IR.JPY-TONAR-ON.SWAP-18M.MID,18M,0.007675
20250404,IR.JPY-TONAR-ON.SWAP-18M.MID,18M,0.00595
20250304,IR.JPY-TONAR-ON.SWAP-18M.MID,18M,0.007525
20250305,IR.JPY-TONAR-ON.SWAP-18M.MID,18M,0.0076125
20250505,IR.JPY-TONAR-ON.SWAP-18M.MID,18M,0.005825
20250306,IR.JPY-TONAR-ON.SWAP-18M.MID,18M,0.007675
20250506,IR.JPY-TONAR-ON.SWAP-18M.MID,18M,0.005825
20250407,IR.JPY-TONAR-ON.SWAP-18M.MID,18M,0.0056875
20250307,IR.JPY-TONAR-ON.SWAP-18M.MID,18M,0.0077125
20250507,IR.JPY-TONAR-ON.SWAP-18M.MID,18M,0.0058875
20250408,IR.JPY-TONAR-ON.SWAP-18M.MID,18M,0.0063
20250508,IR.JPY-TONAR-ON.SWAP-18M.MID,18M,0.0059375
20250409,IR.JPY-TONAR-ON.SWAP-18M.MID,18M,0.0052
20250509,IR.JPY-TONAR-ON.SWAP-18M.MID,18M,0.0060125
20250410,IR.JPY-TONAR-ON.SWAP-18M.MID,18M,0.00605
20250310,IR.JPY-TONAR-ON.SWAP-18M.MID,18M,0.0078625
20250411,IR.JPY-TONAR-ON.SWAP-18M.MID,18M,0.0053625
20250311,IR.JPY-TONAR-ON.SWAP-18M.MID,18M,0.0075875
20250312,IR.JPY-TONAR-ON.SWAP-18M.MID,18M,0.007675
20250512,IR.JPY-TONAR-ON.SWAP-18M.MID,18M,0.00655
20250313,IR.JPY-TONAR-ON.SWAP-18M.MID,18M,0.0078375
20250513,IR.JPY-TONAR-ON.SWAP-18M.MID,18M,0.0066375
20250414,IR.JPY-TONAR-ON.SWAP-18M.MID,18M,0.00575
20250314,IR.JPY-TONAR-ON.SWAP-18M.MID,18M,0.0075625
20250514,IR.JPY-TONAR-ON.SWAP-18M.MID,18M,0.0066125
20250415,IR.JPY-TONAR-ON.SWAP-18M.MID,18M,0.0062125
20250515,IR.JPY-TONAR-ON.SWAP-18M.MID,18M,0.006625
20250416,IR.JPY-TONAR-ON.SWAP-18M.MID,18M,0.0058
20250516,IR.JPY-TONAR-ON.SWAP-18M.MID,18M,0.006525
20250417,IR.JPY-TONAR-ON.SWAP-18M.MID,18M,0.0059625
20250317,IR.JPY-TONAR-ON.SWAP-18M.MID,18M,0.0074625
20250418,IR.JPY-TONAR-ON.SWAP-18M.MID,18M,0.0059625
20250318,IR.JPY-TONAR-ON.SWAP-18M.MID,18M,0.0076375
20250319,IR.JPY-TONAR-ON.SWAP-18M.MID,18M,0.0077875
20250519,IR.JPY-TONAR-ON.SWAP-18M.MID,18M,0.006675
20250320,IR.JPY-TONAR-ON.SWAP-18M.MID,18M,0.0078625
20250520,IR.JPY-TONAR-ON.SWAP-18M.MID,18M,0.0067
20250421,IR.JPY-TONAR-ON.SWAP-18M.MID,18M,0.0059625
20250321,IR.JPY-TONAR-ON.SWAP-18M.MID,18M,0.00785
20250521,IR.JPY-TONAR-ON.SWAP-18M.MID,18M,0.006625
20250422,IR.JPY-TONAR-ON.SWAP-18M.MID,18M,0.00605
20250522,IR.JPY-TONAR-ON.SWAP-18M.MID,18M,0.0066625
20250423,IR.JPY-TONAR-ON.SWAP-18M.MID,18M,0.006325
20250523,IR.JPY-TONAR-ON.SWAP-18M.MID,18M,0.0065125
20250424,IR.JPY-TONAR-ON.SWAP-18M.MID,18M,0.0062
20250224,IR.JPY-TONAR-ON.SWAP-18M.MID,18M,0.0075125
20250324,IR.JPY-TONAR-ON.SWAP-18M.MID,18M,0.0079375
20250425,IR.JPY-TONAR-ON.SWAP-18M.MID,18M,0.006425
20250225,IR.JPY-TONAR-ON.SWAP-18M.MID,18M,0.007325
20250325,IR.JPY-TONAR-ON.SWAP-18M.MID,18M,0.008125
20250226,IR.JPY-TONAR-ON.SWAP-18M.MID,18M,0.0073625
20250326,IR.JPY-TONAR-ON.SWAP-18M.MID,18M,0.008225
20250526,IR.JPY-TONAR-ON.SWAP-18M.MID,18M,0.0065125
20250227,IR.JPY-TONAR-ON.SWAP-18M.MID,18M,0.0076375
20250327,IR.JPY-TONAR-ON.SWAP-18M.MID,18M,0.0081375
20250527,IR.JPY-TONAR-ON.SWAP-18M.MID,18M,0.0066875
20250428,IR.JPY-TONAR-ON.SWAP-18M.MID,18M,0.0064125
20250228,IR.JPY-TONAR-ON.SWAP-18M.MID,18M,0.0075
20250328,IR.JPY-TONAR-ON.SWAP-18M.MID,18M,0.0079875
20250528,IR.JPY-TONAR-ON.SWAP-18M.MID,18M,0.00685
20250429,IR.JPY-TONAR-ON.SWAP-18M.MID,18M,0.0064125
20250529,IR.JPY-TONAR-ON.SWAP-18M.MID,18M,0.006825
20250430,IR.JPY-TONAR-ON.SWAP-18M.MID,18M,0.0062625
20250530,IR.JPY-TONAR-ON.SWAP-18M.MID,18M,0.006825
20250331,IR.JPY-TONAR-ON.SWAP-18M.MID,18M,0.0078
20250401,IR.JPY-TONAR-ON.SWAP-10Y.MID,10Y,0.0130625
20250501,IR.JPY-TONAR-ON.SWAP-10Y.MID,10Y,0.010225
20250402,IR.JPY-TONAR-ON.SWAP-10Y.MID,10Y,0.0128875
20250602,IR.JPY-TONAR-ON.SWAP-10Y.MID,10Y,0.0126
20250502,IR.JPY-TONAR-ON.SWAP-10Y.MID,10Y,0.0104125
20250403,IR.JPY-TONAR-ON.SWAP-10Y.MID,10Y,0.0114375
20250303,IR.JPY-TONAR-ON.SWAP-10Y.MID,10Y,0.0128625
20250404,IR.JPY-TONAR-ON.SWAP-10Y.MID,10Y,0.0096625
20250304,IR.JPY-TONAR-ON.SWAP-10Y.MID,10Y,0.012625
20250305,IR.JPY-TONAR-ON.SWAP-10Y.MID,10Y,0.0132
20250505,IR.JPY-TONAR-ON.SWAP-10Y.MID,10Y,0.0104125
20250306,IR.JPY-TONAR-ON.SWAP-10Y.MID,10Y,0.013325
20250506,IR.JPY-TONAR-ON.SWAP-10Y.MID,10Y,0.0104125
20250407,IR.JPY-TONAR-ON.SWAP-10Y.MID,10Y,0.0092
20250307,IR.JPY-TONAR-ON.SWAP-10Y.MID,10Y,0.0130875
20250507,IR.JPY-TONAR-ON.SWAP-10Y.MID,10Y,0.010675
20250408,IR.JPY-TONAR-ON.SWAP-10Y.MID,10Y,0.0107875
20250508,IR.JPY-TONAR-ON.SWAP-10Y.MID,10Y,0.0109625
20250409,IR.JPY-TONAR-ON.SWAP-10Y.MID,10Y,0.0096625
20250509,IR.JPY-TONAR-ON.SWAP-10Y.MID,10Y,0.0111875
20250410,IR.JPY-TONAR-ON.SWAP-10Y.MID,10Y,0.0106625
20250310,IR.JPY-TONAR-ON.SWAP-10Y.MID,10Y,0.013475
20250411,IR.JPY-TONAR-ON.SWAP-10Y.MID,10Y,0.0102875
20250311,IR.JPY-TONAR-ON.SWAP-10Y.MID,10Y,0.013275
20250312,IR.JPY-TONAR-ON.SWAP-10Y.MID,10Y,0.0132125
20250512,IR.JPY-TONAR-ON.SWAP-10Y.MID,10Y,0.0119125
20250313,IR.JPY-TONAR-ON.SWAP-10Y.MID,10Y,0.013525
20250513,IR.JPY-TONAR-ON.SWAP-10Y.MID,10Y,0.0121625
20250414,IR.JPY-TONAR-ON.SWAP-10Y.MID,10Y,0.0108375
20250314,IR.JPY-TONAR-ON.SWAP-10Y.MID,10Y,0.0133
20250514,IR.JPY-TONAR-ON.SWAP-10Y.MID,10Y,0.0124625
20250415,IR.JPY-TONAR-ON.SWAP-10Y.MID,10Y,0.0112125
20250515,IR.JPY-TONAR-ON.SWAP-10Y.MID,10Y,0.0123
20250416,IR.JPY-TONAR-ON.SWAP-10Y.MID,10Y,0.01015
20250516,IR.JPY-TONAR-ON.SWAP-10Y.MID,10Y,0.0122625
20250417,IR.JPY-TONAR-ON.SWAP-10Y.MID,10Y,0.01035
20250317,IR.JPY-TONAR-ON.SWAP-10Y.MID,10Y,0.0132625
20250418,IR.JPY-TONAR-ON.SWAP-10Y.MID,10Y,0.01045
20250318,IR.JPY-TONAR-ON.SWAP-10Y.MID,10Y,0.0134
20250319,IR.JPY-TONAR-ON.SWAP-10Y.MID,10Y,0.0136
20250519,IR.JPY-TONAR-ON.SWAP-10Y.MID,10Y,0.0124625
20250320,IR.JPY-TONAR-ON.SWAP-10Y.MID,10Y,0.0136375
20250520,IR.JPY-TONAR-ON.SWAP-10Y.MID,10Y,0.01275
20250421,IR.JPY-TONAR-ON.SWAP-10Y.MID,10Y,0.01045
20250321,IR.JPY-TONAR-ON.SWAP-10Y.MID,10Y,0.0133625
20250521,IR.JPY-TONAR-ON.SWAP-10Y.MID,10Y,0.012825
20250422,IR.JPY-TONAR-ON.SWAP-10Y.MID,10Y,0.0104625
20250522,IR.JPY-TONAR-ON.SWAP-10Y.MID,10Y,0.0131
20250423,IR.JPY-TONAR-ON.SWAP-10Y.MID,10Y,0.0109625
20250523,IR.JPY-TONAR-ON.SWAP-10Y.MID,10Y,0.0124875
20250424,IR.JPY-TONAR-ON.SWAP-10Y.MID,10Y,0.0106375
20250224,IR.JPY-TONAR-ON.SWAP-10Y.MID,10Y,0.0126125
20250324,IR.JPY-TONAR-ON.SWAP-10Y.MID,10Y,0.013675
20250425,IR.JPY-TONAR-ON.SWAP-10Y.MID,10Y,0.0110625
20250225,IR.JPY-TONAR-ON.SWAP-10Y.MID,10Y,0.012125
20250325,IR.JPY-TONAR-ON.SWAP-10Y.MID,10Y,0.0138875
20250226,IR.JPY-TONAR-ON.SWAP-10Y.MID,10Y,0.012325
20250326,IR.JPY-TONAR-ON.SWAP-10Y.MID,10Y,0.013975
20250526,IR.JPY-TONAR-ON.SWAP-10Y.MID,10Y,0.0124875
20250227,IR.JPY-TONAR-ON.SWAP-10Y.MID,10Y,0.012675
20250327,IR.JPY-TONAR-ON.SWAP-10Y.MID,10Y,0.01375
20250527,IR.JPY-TONAR-ON.SWAP-10Y.MID,10Y,0.0121
20250428,IR.JPY-TONAR-ON.SWAP-10Y.MID,10Y,0.0107375
20250228,IR.JPY-TONAR-ON.SWAP-10Y.MID,10Y,0.01245
20250328,IR.JPY-TONAR-ON.SWAP-10Y.MID,10Y,0.0135
20250528,IR.JPY-TONAR-ON.SWAP-10Y.MID,10Y,0.0124875
20250429,IR.JPY-TONAR-ON.SWAP-10Y.MID,10Y,0.0107375
20250529,IR.JPY-TONAR-ON.SWAP-10Y.MID,10Y,0.01235
20250430,IR.JPY-TONAR-ON.SWAP-10Y.MID,10Y,0.010425
20250530,IR.JPY-TONAR-ON.SWAP-10Y.MID,10Y,0.0124625
20250331,IR.JPY-TONAR-ON.SWAP-10Y.MID,10Y,0.013025
20250401,IR.JPY-TONAR-ON.SWAP-5Y.MID,5Y,0.010375
20250501,IR.JPY-TONAR-ON.SWAP-5Y.MID,5Y,0.00745
20250402,IR.JPY-TONAR-ON.SWAP-5Y.MID,5Y,0.0102125
20250602,IR.JPY-TONAR-ON.SWAP-5Y.MID,5Y,0.0094
20250502,IR.JPY-TONAR-ON.SWAP-5Y.MID,5Y,0.007525
20250403,IR.JPY-TONAR-ON.SWAP-5Y.MID,5Y,0.0090125
20250303,IR.JPY-TONAR-ON.SWAP-5Y.MID,5Y,0.0102375
20250404,IR.JPY-TONAR-ON.SWAP-5Y.MID,5Y,0.0073
20250304,IR.JPY-TONAR-ON.SWAP-5Y.MID,5Y,0.0100375
20250305,IR.JPY-TONAR-ON.SWAP-5Y.MID,5Y,0.0105
20250505,IR.JPY-TONAR-ON.SWAP-5Y.MID,5Y,0.007525
20250306,IR.JPY-TONAR-ON.SWAP-5Y.MID,5Y,0.0105375
20250506,IR.JPY-TONAR-ON.SWAP-5Y.MID,5Y,0.007525
20250407,IR.JPY-TONAR-ON.SWAP-5Y.MID,5Y,0.00695
20250307,IR.JPY-TONAR-ON.SWAP-5Y.MID,5Y,0.01035
20250507,IR.JPY-TONAR-ON.SWAP-5Y.MID,5Y,0.00765
20250408,IR.JPY-TONAR-ON.SWAP-5Y.MID,5Y,0.008125
20250508,IR.JPY-TONAR-ON.SWAP-5Y.MID,5Y,0.0078875
20250409,IR.JPY-TONAR-ON.SWAP-5Y.MID,5Y,0.0066375
20250509,IR.JPY-TONAR-ON.SWAP-5Y.MID,5Y,0.0079875
20250410,IR.JPY-TONAR-ON.SWAP-5Y.MID,5Y,0.0076625
20250310,IR.JPY-TONAR-ON.SWAP-5Y.MID,5Y,0.010725
20250411,IR.JPY-TONAR-ON.SWAP-5Y.MID,5Y,0.006875
20250311,IR.JPY-TONAR-ON.SWAP-5Y.MID,5Y,0.010425
20250312,IR.JPY-TONAR-ON.SWAP-5Y.MID,5Y,0.01035
20250512,IR.JPY-TONAR-ON.SWAP-5Y.MID,5Y,0.008725
20250313,IR.JPY-TONAR-ON.SWAP-5Y.MID,5Y,0.0106625
20250513,IR.JPY-TONAR-ON.SWAP-5Y.MID,5Y,0.008975
20250414,IR.JPY-TONAR-ON.SWAP-5Y.MID,5Y,0.007275
20250314,IR.JPY-TONAR-ON.SWAP-5Y.MID,5Y,0.0103375
20250514,IR.JPY-TONAR-ON.SWAP-5Y.MID,5Y,0.0092
20250415,IR.JPY-TONAR-ON.SWAP-5Y.MID,5Y,0.0079125
20250515,IR.JPY-TONAR-ON.SWAP-5Y.MID,5Y,0.0090125
20250416,IR.JPY-TONAR-ON.SWAP-5Y.MID,5Y,0.0072125
20250516,IR.JPY-TONAR-ON.SWAP-5Y.MID,5Y,0.009025
20250417,IR.JPY-TONAR-ON.SWAP-5Y.MID,5Y,0.0074375
20250317,IR.JPY-TONAR-ON.SWAP-5Y.MID,5Y,0.01025
20250418,IR.JPY-TONAR-ON.SWAP-5Y.MID,5Y,0.0075375
20250318,IR.JPY-TONAR-ON.SWAP-5Y.MID,5Y,0.0104375
20250319,IR.JPY-TONAR-ON.SWAP-5Y.MID,5Y,0.010675
20250519,IR.JPY-TONAR-ON.SWAP-5Y.MID,5Y,0.00915
20250320,IR.JPY-TONAR-ON.SWAP-5Y.MID,5Y,0.0107
20250520,IR.JPY-TONAR-ON.SWAP-5Y.MID,5Y,0.009325
20250421,IR.JPY-TONAR-ON.SWAP-5Y.MID,5Y,0.0075375
20250321,IR.JPY-TONAR-ON.SWAP-5Y.MID,5Y,0.0106125
20250521,IR.JPY-TONAR-ON.SWAP-5Y.MID,5Y,0.0093125
20250422,IR.JPY-TONAR-ON.SWAP-5Y.MID,5Y,0.00755
20250522,IR.JPY-TONAR-ON.SWAP-5Y.MID,5Y,0.0094
20250423,IR.JPY-TONAR-ON.SWAP-5Y.MID,5Y,0.00815
20250523,IR.JPY-TONAR-ON.SWAP-5Y.MID,5Y,0.00905
20250424,IR.JPY-TONAR-ON.SWAP-5Y.MID,5Y,0.0077625
20250224,IR.JPY-TONAR-ON.SWAP-5Y.MID,5Y,0.01
20250324,IR.JPY-TONAR-ON.SWAP-5Y.MID,5Y,0.0109
20250425,IR.JPY-TONAR-ON.SWAP-5Y.MID,5Y,0.0081375
20250225,IR.JPY-TONAR-ON.SWAP-5Y.MID,5Y,0.0096375
20250325,IR.JPY-TONAR-ON.SWAP-5Y.MID,5Y,0.0111875
20250226,IR.JPY-TONAR-ON.SWAP-5Y.MID,5Y,0.009775
20250326,IR.JPY-TONAR-ON.SWAP-5Y.MID,5Y,0.011275
20250526,IR.JPY-TONAR-ON.SWAP-5Y.MID,5Y,0.00905
20250227,IR.JPY-TONAR-ON.SWAP-5Y.MID,5Y,0.01015
20250327,IR.JPY-TONAR-ON.SWAP-5Y.MID,5Y,0.0111
20250527,IR.JPY-TONAR-ON.SWAP-5Y.MID,5Y,0.0091
20250428,IR.JPY-TONAR-ON.SWAP-5Y.MID,5Y,0.0079875
20250228,IR.JPY-TONAR-ON.SWAP-5Y.MID,5Y,0.009925
20250328,IR.JPY-TONAR-ON.SWAP-5Y.MID,5Y,0.0108625
20250528,IR.JPY-TONAR-ON.SWAP-5Y.MID,5Y,0.0094
20250429,IR.JPY-TONAR-ON.SWAP-5Y.MID,5Y,0.0079875
20250529,IR.JPY-TONAR-ON.SWAP-5Y.MID,5Y,0.0091375
20250430,IR.JPY-TONAR-ON.SWAP-5Y.MID,5Y,0.0077
20250530,IR.JPY-TONAR-ON.SWAP-5Y.MID,5Y,0.009275
20250331,IR.JPY-TONAR-ON.SWAP-5Y.MID,5Y,0.0104
